						
 	Title	Views	Likes	Comments		
	“ƯỚC MƠ VÀ ĐỔI ĐỜI” Cuộc sống hiện tại của người mẹ trẻ 19 tuổi nuôi con trong rừng. Tập 710	"28,949"	622	57		
	LỪA VỢ LỪA CON người chồng đi biệt tích bỏ lại 4 mẹ con sống khổ ai nhìn cũng khóc. Tập 709	"19,601"	294	16		
	KẺ TRỘM đột nhập lấy hết gà 3 CHA CON phải ở chòi rách cang giữ quanh năm. Tập 708	"12,742"	232	4		
	Sống như NGƯỜI RỪNG ăn chuối khi hết gạo ngủ trong căn CHÒI RÁCH. Tập 707	"4,133"	186	4		
	MẤT VỢ MẤT CON người đàn đàn ông khóc nức nở ai nhìn cũng XÓT XA. Tập 706	"23,006"	426	19		
	Tặng xe máy cày ƯỚC MƠ 10 năm của ba #tiennguyentv #kếtnốiyêuthương #thiệnnguyện #giadinh	"13,657"	39	0		
	Vợ MÊ TIỀN THEO TRAI bỏ lại người chồng sống cô đơn trong căn chòi giữa rừng. Tập 705	"6,757"	224	2		
	Tặng ba món QUÀ LỚN ước mơ 10 năm trở thành sự thật. Tập 704	"30,722"	545	31		
	Người mẹ 19 tuổi quyết tâm chọn nhà không chọn tiền #ketnoiyeuthuong #tiennguyentv #thiennguyen	"17,273"	168	6		
	“ĐỔI ĐỜI SAU 1 ĐÊM” Người mẹ trẻ 19 tuổi dùng số tiền lớn đổi lấy căn nhà MƠ ƯỚC. Tập 703	"120,310"	"1,663"	113		
	Bị mẹ ĐUỔI KHỎI NHÀ người phụ nữ đau buồn cùng chồng ôm con vào rừng. Tập 702	"11,460"	264	13		
	5 NĂM ở trong căn chòi KHÔNG VÁCH TẠM BỢ trên núi khổ ơi là khổ. Tập 701	"6,810"	193	13		
	Thực hiện căn nhà mơ ước cho 2 bà cháu nghèo #tiennguyentv #kếtnốiyêuthương #thiệnnguyện	"4,090"	134	5		
	“BẬT KHÓC CỨ NGỠ LÀ GIẤC MƠ” Hành trình để thấy sự thay đổi của người nghèo. Tập 700	"33,636"	838	37		
	Người mẹ 19 tuổi ôm con vào rừng sống #tiennguyentv #kếtnốiyêuthương #thiệnnguyện #giupdonguoingheo	"1,942"	46	1		
	Người mẹ Trẻ 19 Tuổi Dựng Chòi Bạt Nuôi Con Giữa Khu Rừng. Tập 699	"14,385"	298	15		
	THIẾU NỮ mượn gạo nuôi con trong rừng #kếtnốiyêuthương #thiệnnguyện #tiennguyentv	"1,654"	28	0		
	NGƯỜI MẸ TRẺ vượt khó nuôi con trong căn chòi TẠM BỢ. Tập 698	"7,081"	197	4		
	KHÔNG AI KHỔ BẰNG sống trong CĂN CHÒI BAY NÓC trong khu rừng cùng chồng con. Tập 697	"4,739"	158	5		
	"CHA MẸ NHẬU NHẸT, cô gái bỏ nhà lên núi sống 10 năm #tiennguyentv #kếtnốiyêuthương #thiệnnguyện"	"2,643"	36	1		
	“MẸ NHẬU NHẸT CHA TR.EO CỔ” Cô gái phải bỏ nhà ra đi. Tập 696	"12,364"	247	12		
	BẤT NGỜ phát hiện nơi ở nhỏ như HANG CHUỘT trong rừng. Tập 695	"5,480"	196	11		
	HƠN 10 NĂM cụ ông NGƯỜI KINH rời xa gia đình lên núi sống một cuộc đời NGHÈO KHỔ. Tập 694	"6,866"	272	10		
	THIẾU NỮ 19 TUỔI ôm con vào rừng sống trong cảnh nghèo khó ai cũng thương. Tập 693	"54,957"	489	20		
	Hơn 10 Năm Sống Trong Chuồng Dê Trong Rừng…Mỗi Đêm Ăn Trộm Đều Đột Nhập. Tập 692	"8,333"	341	9		
	Hôm Nay Tiến Lấy Vợ | Đám Cưới Của Tiến Nguyễn Tv	"32,606"	707	75		
	GIẢ VỜ tới hỏi mua hết đậu và SỰ THẬT về của sống của người mẹ trẻ. Tập 691	"6,077"	234	8		
	“BẤT NGỜ HAI BÀ CHÁU ĐỔI ĐỜI CHỈ SAU 1 ĐÊM” Khi phải sống trong cảnh nghèo nhiều năm. Tập 690	"47,811"	"1,478"	103		
	Người phụ nữ nghèo BẤT NGỜ BẬT KHÓC vì điều này #thiệnnguyện #kếtnốiyêuthương #tiếnnguyễntv	"14,359"	106	3		
	TIN VUI…2 bà cháu sống trong căn chòi RÁCH NÁT chuẩn bị có NHÀ MỚI để ở. Tập 689	"3,296"	212	9		
	NGƯỜI ĐÀN ÔNG MIỀN TÂY bỏ nhà đi nhặt ve chai xuyên việt. Tập 688	"2,940"	131	8		
	Người đàn ông sống CÔ ĐỘC trong rừng phải uống nước mưa TỒN TẠI qua ngày. Tập 687	"3,524"	156	2		
	2 BÀ CHÁU dắt nhau vào rừng TRÚ ẨN phải nằm dưới đất ngủ mỗi đêm. Tập 686	"4,505"	201	8		
	Người chồng MÊ GÁI chọn cách bỏ rơi cô vợ xinh đẹp nhất MIỀN NÚI. Tập 685	"14,936"	297	6		
	Người chồng NGHIỆN RƯỢU không lo làm ăn khiến vợ phải cực khổ nhiều năm. Tập 684	"13,271"	214	4		
	"BẤT NGỜ khi thấy cảnh căn chòi bị NGHIỀN NÁT, 2 bà cháu phải ngủ nhờ mỗi đêm. Tập 683"	"5,161"	190	10		
	Thương cho 3 mẹ con…phải sống trong CẢNH NGHÈO giữa rừng núi HOANG VU. Tập 682	"15,202"	293	11		
	CHA MẸ NHẬU NHẸT con gái bỏ nhà ra đi #tiếnnguyễntv #kếtnốiyêuthương #thiệnnguyện	"2,538"	37	1		
	Cha mẹ RƯỢU CHÈ cô gái trẻ phải rời bỏ gia đình vì chịu không nổi. Tập 681	"37,170"	432	15		
	CÔ GÁI TRẺ sống trong cảnh nghèo cùng con thơ nơi rừng núi HOANG VU. Tập 680	"12,411"	262	3		
	ĐỔI ĐỜI CHỈ SAU 1 ĐÊM…Cô gái trẻ dùng số tiền CỰC LỚN để đổi lấy căn nhà mơ ước. Tập 679	"13,352"	500	36		
	Hoàn cảnh quá KHÓ KHĂN của người mẹ trẻ sống cùng con trong CĂN NHÀ ĐƠN SƠ. Tập 678	"10,211"	235	12		
	8 năm BỊ LỪA Ở ĐỢ người phụ nữ đã thoát về quê nhà cuộc sống quá KHÓ KHĂN. Tập 677	"6,481"	191	9		
	NGƯỜI PHỤ NỮ ăn rau rừng cá suối để TỒN TẠI trong căn chòi TE TUA. Tập 676	"3,652"	149	7		
	NGƯỜI PHỤ NỮ sống trong căn chòi 2 vách phải ăn lá rừng sống qua ngày. Tập 675	"4,488"	163	5		
	Ở trong căn chòi vịt MỤC NÁT nhặt hạt điều mỗi ngày đổi GẠO ăn. Tập 674	"6,740"	185	10		
	Cha mẹ NGHIỆN RƯỢU qua đời cô gái trẻ lập gia đình ở trong căn chòi rách TE TUA Tập. 672	"56,813"	452	18		
	10 NĂM sống trong căn nhà nát giữa rừng ngủ chung với GÀ căn nhà BỐC MÙI. Tập 671	"6,706"	246	23		
	LỜI HỨA thực hiện ƯỚC MƠ cho 3 mẹ con sống trong rừng. Tập 670	"20,613"	454	21		
	MTQ vượt nửa vòng trái đất quay trở về tận tay trao tặng tình thương cho người nghèo. Tập 669	"4,210"	270	26		
	“ NGHÈO RỚT MỒNG TƠI “ 2 vợ chồng sống biệt lập trong rừng bữa đói bữa no. Tập 668	"4,676"	261	11		
	Phát hiện RẮN LỤC CỰC ĐỘC trong khu rừng #tiếnnguyễntv #kếtnốiyêuthương #thiệnnguyện	"20,909"	134	1		
	“ ĐỔI ĐỜI CHỈ SAU MỘT ĐÊM “ Hành trình thực hiện ƯỚC MƠ đầy gian nan. Tập 667	"12,072"	476	29		
	"2 VỢ CHỒNG NGHÈO phải chịu cảnh đói quanh năm, nhặt hạt điều để đổi lấy GẠO ăn. Tập 666"	"3,599"	150	6		
	Tìm đến căn nhà BÍ ẨN trong khu rừng hoang vắng của người phụ nữ nghèo. Tập 665	"3,107"	170	5		
	NỖI KHỔ TRỒNG ĐẬU SAI ĐẤT NỢ NẦN LÀM SAO GÁNH NỔI?. TẬP 664	"2,804"	141	5		
	Người mẹ NGẬM NGÙI ôm con vào rừng sống vì gia đình quá đông người . Tập 663	"3,327"	208	7		
	Cả đời nghèo đói không có gói mì để ăn #tiếnnguyễntv #kếtnốiyêuthương #thiệnnguyện	"2,684"	49	1		
	"Xin hết gà và trứng của CỤ BÀ nghèo sống trong rừng, và phản ứng không thể BẤT NGỜ hơn. Tập 662"	"3,064"	147	7		
	Nghèo đến nỗi không có gói mì để ăn #kếtnốiyêuthương #tiếnnguyễntv #thiệnnguyện	"3,469"	73	0		
	Nơi ở nghèo nhất miền núi của người đàn ông #kếtnốiyêuthương #tiếnnguyễntv #thiệnnguyện	"3,180"	55	0		
	"Người phụ nữ nghèo sống trên đỉnh núi cao, mỗi ngày buôn chuối đổi GẠO để ăn. Tập 661"	"3,201"	178	5		
	"BẤT NGỜ người đàn ông nhiều ngày không tắm, sống trong căn chòi RÁCH NÁT giữa rừng. Tập 660"	"2,351"	128	6		
	Cụ Bà 90 Tuổi Phải Đánh Đổi Một Con Mắt Chỉ Vì MIẾNG ĂN Cả Đời Sống Cực Khổ Trong Rừng | Tập 659	"2,218"	128	7		
	"Người con trai TÂM THẦN tháo xích sắt MẤT TÍCH trong đêm, gia đình cầu xin tìm kiếm | Tập 659"	"1,741"	111	6		
	"Ôm mộng nuôi heo LÀM GIÀU, 2 mẹ con phải sống ở trong khu rừng HẺO LÁNH | Tập 658"	"3,395"	184	7		
	"3 MẸ CON nghèo dắt nhau vào rừng kiếm ăn, sống tạm trong căn nhà CHẮP VÁ | Tập 657"	"4,639"	278	15		
	Cô gái nhỏ tuổi nhất miền núi ôm con vào rừng trú ẩn #kếtnốiyêuthương #tiếnnguyễntv #thiệnnguyện	"2,560"	39	0		
	"Gia đình nghèo 24 năm phải nằm dưới đất mỗi đêm, khiến ai cũng NGỠ NGÀNG vì quá khổ | Tập 656"	"4,251"	265	15		
	THIẾU NỮ 19 tuổi phải đánh đổi cả thanh xuân để học cách làm mẹ và chăm con | Tập 655	"4,111"	195	8		
	“ ĐỊA NGỤC TRẦN GIAN “ người phụ nữ 7 năm mới thoát khỏi sự giam giữ khi đi Ở ĐỢ | Tập 654	"5,125"	229	7		
	NGỠ NGÀNG phát hiện bà lão 24 năm sống cô độc giữa rừng trong căn chòi RÁCH NÁT | Tập 653	"3,386"	165	4		
	"Căn nhà cũ đã được HỒI SINH, 2 vợ chồng Anh Salon vui mừng không nói nên lời | Tập 652"	"8,015"	387	26		
	Căn nhà MƠ ƯỚC đẹp và sang trọng nhất làng đang dần hoàn thiện của anh Salon | Tập 651	"5,804"	312	15		
	Người mẹ trẻ và đứa con bệnh tật đáng thương #tiếnnguyễntv #kếtnốiyêuthương #thiệnnguyện	"9,013"	262	3		
	Tuổi già sức yếu bơ vơ giữa núi rừng #tiếnnguyễntv #kếtnốiyêuthương #kếtnốiyêuthương #thinhhanh	"4,446"	60	1		
	"BẤT NGỜ căn nhà của anh Salon bị ĐẬP PHÁ, đổi cũ thay mới quá mừng | Tập 650"	"5,349"	274	14		
	Vượt hơn 400km để đưa mẹ con chị Thuỷ đi khám bệnh và kết quả HẾT CƠ HỘI CỨU CHỮA | Tập 649	"4,468"	230	11		
	Khóc NỨC NỞ vì chồng đột ngột qua đời #tiếnnguyễntv #kếtnốiyêuthương #thiệnnguyện	"6,964"	58	1		
	Ngày nào cũng một nồi đu đủ thế này quá khổ #tiếnnguyễntv #kếtnốiyêuthương #thiệnnguyện	"10,099"	149	4		
	“ ĐỔI ĐỜI CHỈ SAU MỘT ĐÊM “ của 2 cha con sống 10 năm trong căn chòi thê thảm trong rừng | Tập 648	"24,066"	534	29		
	Ngọn lửa bất ngờ cháy trong rừng #tiếnnguyễntv #kếtnốiyêuthương #thiệnnguyện	"1,355"	19	0		
	PHÁT HIỆN ngọn lửa bùng cháy trong chuyến hành trình thực hiện ƯỚC MƠ cho người nghèo | Tập 647	"2,758"	191	10		
	"3 mẹ con sống trong căn nhà THUA CÁI CHUỒNG GÀ, và ƯỚC MƠ to lớn của cậu con út| Tập 646"	"6,024"	267	15		
	"THIẾU NỮ nghèo sống như người rừng, ôm 3 đứa con thơ vào rừng TRÚ ẨN đợi chồng về | Tập 645"	"5,402"	206	11		
	Người vợ quyết SỐNG C.H.Ế.T theo chồng vào rừng ẨN CƯ hơn 10 năm nhặt phân đổi gạo | Tập 644	"3,534"	195	13		
	10 năm sống trong căn nhà còn thua CHUỒNG GÀ cảnh nghèo đói của vợ chồng già kéo dài | Tập 643	"3,605"	189	10		
	Cậu bé sống cùng mẹ trong rừng	"2,741"	40	1		
	"TÁ TÚC trong căn chòi của người dân nghèo, nhiều điều BÍ ẨN về đêm chưa ai biết | Tập 642"	"3,783"	196	10		
	4 BÀ CHÁU sống trong căn chòi giữa rừng tách biệt với xã hội | Tập 641	"3,961"	198	9		
	Người đàn ông lạ mặt đến chòi và phản ứng của người phụ nữ #tiếnnguyễntv #kếtnốiyêuthương	"4,804"	82	2		
	BẤT NGỜ người lạ mặt đến giao hàng cho NGƯỜI PHỤ NỮ sống trong căn chòi MỤC NÁT | Tập 640	"5,638"	234	9		
	"Chồng MÊ GÁI TRẺ chê vợ XẤU XÍ bỏ đi không lời từ biệt, để vợ con sống trong rừng | Tập 639"	"6,195"	270	14		
	Người phụ nữ ngơ ngác chưa biết mình có nhà mới #tiếnnguyễntv #ketnoiyeuthuong #thiệnnguyện	"2,634"	50	1		
	Người mẹ trẻ ôm con vào rừng trú ẩn rắn bao vây vẫn ở #tiếnnguyễntv #kếtnốiyêuthương	"5,323"	92	1		
	Tiến TẶNG ĐIỆN THOẠI cho 2 bà cháu sống trong rừng và cái kết không thể BẤT NGỜ hơn | Tập 638	"5,740"	263	13		
	Lần đầu tiên người phụ nữ nhận được số tiền lớn trong đời #tiếnnguyễntv #kếtnốiyêuthương	"16,432"	169	1		
	HÚ HỒN cứ tưởng bà cụ uống nước bẩn #tiếnnguyễntv #kếtnốiyêuthương #thiệnnguyện	"33,234"	177	1		
	NGƯỜI MẸ THIỆT THÒI…sống trong căn chòi rách nát nhặt phân bò nuôi chồng con | Tập 637	"5,819"	264	15		
	XÓT XA người bà nhặt phân bò chịu đói để có tiền mua sữa nuôi 3 đứa bé| Tập 636	"5,783"	245	7		
	Người mẹ bỏ chạy mất dép để lại đứa con #tiếnnguyễntv #kếtnốiyêuthương #thiệnnguyện	"24,938"	199	3		
	Cô gái trẻ may mắn nhất miền núi #tiếnnguyễntv #kếtnốiyêuthương #thiệnnguyện	"3,371"	66	0		
	Người cô sống như thời nguyên thuỷ quá tội #tiếnnguyễntv #kếtnốiyêuthương #thiệnnguyện	"1,173"	27	1		
	Ước mơ đẫm NƯỚC MẮT của 4 bà cháu sống trong căn chòi còn thua cái CHUỒNG GÀ | Tập 635	"7,960"	349	14		
	"10 năm sống trong căn nhà THUA CÁI CHUỒNG GÀ, ông bà cụ đáng thương nhất miền núi | Tập 634"	"13,616"	254	18		
	Lần đầu được cầm số tiền lớn #tiếnnguyễntv #kếtnốiyêuthương #thiệnnguyện #cuocsong	"119,657"	464	1		
	Ước mơ to lớn đã được thực hiện #tiếnnguyễntv #kếtnốiyêuthương #thiệnnguyện #cuocsong	"11,911"	96	1		
	Nhiều năm sống trong căn chòi rách nát RẮN ĐỘC bao vây nhưng vẫn ở| Tập 633	"5,782"	234	10		
	"2 BÀ CHÁU mỗi đêm phải ngủ chung với gà, và SỰ THẬT về hoàn cảnh của anh Salon | Tập 642"	"8,419"	295	14		
	Cậu bé bị bỏ rơi đáng thương trước khi có nhà mới #tiếnnguyễntv #kếtnốiyêuthương #thiệnnguyện	"15,531"	197	2		
	4 mẹ con nghẹn ngào khi nhận được số tiền lớn trong đời #tiếnnguyễntv #kếtnốiyêuthương #thiệnnguyện	"2,947"	36	2		
	GIẢ VỜ bán GẠO với giá rẻ để kiếm tiền sinh sống và sự thật không thể bất ngờ hơn | Tập 641	"15,871"	459	13		
	Bữa ăn ngon nhất cuộc đời của những chú chó rừng #tiếnnguyễntv #kếtnốiyêuthương #thiệnnguyện	"6,416"	50	2		
	CÔ GÁI TRẺ ôm con thơ vào rừng sống trong căn chòi RÁCH NÁT nhặt phân bò đổi GẠO | Tập 640	"12,455"	356	15		
	2 BÀ CHÁU nằm dưới nền đất lạnh lẽo trong rừng #tiếnnguyễntv #kếtnốiyêuthương #thiệnnguyện	"31,832"	241	4		
	SỰ THẬT đằng sau nơi ở đặc biệt của gia đình nghèo #tiếnnguyễntv #kếtnốiyêuthương #thiệnnguyện	"4,591"	50	2		
	SỰ THẬT đằng sau căn chòi rách trong rừng của đôi vợ chồng già | Tập 639	"10,391"	304	16		
	"NGƯỜI PHỤ NỮ nằm dưới nền đất lạnh lẽo trong rừng, mỗi ngày chỉ ăn ĐU ĐỦ thay cơm | Tập 638"	"19,819"	358	17		
	Ước mơ ĐỔI ĐỜI của người mẹ đơn thân đã trở thành SỰ THẬT chỉ sau một đêm | Tập 637	"83,949"	"1,233"	95		
	BẤT NGỜ ĐỔI ĐỜI cầm số tiền lớn người phụ nữ quyết tâm chọn căn nhà MƠ ƯỚC cho cháu | Tập 636	"97,476"	"1,458"	121		
	"3 BÀ CHÁU dắt nhau vào rừng trú ẩn, phải làm điều này để TRẢ NỢ | Tập 635"	"3,471"	187	21		
	"TÀI SẢN là căn chòi đổ nát, người phụ nữ mắc chứng bệnh KÌ LẠ phải đi ăn nhờ ở đậu | Tập 634"	"4,807"	204	8		
	"Cô gái trẻ ôm con vào rừng trú ẩn, đốn củi mỗi ngày nuôi con thơ #kếtnốiyêuthương #tiếnnguyễntv"	"4,795"	61	2		
	"CÔ GÁI TRẺ ôm 3 đứa con vào rừng trú ẩn trong căn chòi rách, nhịn đói vì không đủ gạo ăn | Tập 633"	"13,766"	420	18		
	SỐNG NHƯ NGƯỜI RỪNG phải cùng cháu nằm dưới đất mỗi đêm nơi hoang vắng | Tập 632	"7,768"	340	22		
	"QUÁ THƯƠNG vợ chồng già chăn bò mướn kiếm cơm, mỗi ngày ăn là cây để TỒN TẠI | Tập 631"	"6,386"	267	15		
	"PHÁT HIỆN, gia đình đông con sống trong căn chòi BÍ ẨN ở nơi hẻo lánh trong rừng | Tập 630"	"20,223"	527	24		
	Nhiều năm sống trong HANG ĐÁ mỗi ngày tồn tại với lá ĐU ĐỦ #tiếnnguyễntv #kếtnốiyêuthương #cuocsong	"13,255"	89	1		
	"Chồng chê nghèo đi lấy vợ khác, người phụ nữ phải vào rừng TRÚ ẨN cùng những chú chó | Tập 629"	"21,742"	443	20		
	Sống TẠM BỢ trong căn chòi 3 vách mỗi ngày kiếm củi đổi GẠO để ăn | Tập 628	"10,989"	315	14		
	MẸ ĐƠN THÂN 2 đời chồng đều rời xa tay bế tay bồng ngậm ngùi nuôi con | Tập 627	"31,163"	431	22		
	HÚ HỒN khi gã say rượu bất ngờ lao vào chòi cô gái trẻ #kếtnốiyêuthương #tiếnnguyễntv	"5,768"	91	0		
	"Đưa SỐ TIỀN LỚN cho cô gái nghèo nhất miền núi, và cái kết không thể bất ngờ hơn | Tập 626"	"76,106"	832	26		
	Bị trâu chặn đường vào ngày mưa trên miền núi #kếtnốiyêuthương #tiếnnguyễntv #thiệnnguyện	"6,980"	100	2		
	BẤT NGỜ gặp lại cô gái thật thà nhất miền núi #kếtnốiyêuthương #tiếnnguyễntv	"6,131"	79	0		
	KHẨN CẤP!! Tiến phải đi ngay trong đêm để biết được kết quả khám bệnh của con chị Thuỷ | Tập 625	"19,662"	428	19		
	ĐỔI ĐỜI CHỈ SAU 1 ĐÊM…Người phụ nữ dùng số tiền lớn đổi lấy ngôi nhà MƠ ƯỚC | Tập 624	"240,052"	"2,846"	139		
	CÔ BÉ HIẾU THẢO sống cùng với cha trong căn chòi TẠM BỢ | Tập 623	"9,726"	337	18		
	Chuyến xe thực hiện ngôi nhà mơ ước cho người dân miền núi #kếtnốiyêuthương #tiếnnguyễntv	"7,310"	154	2		
	"CHA MẸ NHẪN TÂM BỎ RƠI, con thơ mồ côi sống cùng bà trong căn chòi mục nát | Tập 622"	"12,828"	429	25		
	CĂN NHÀ ĐẸP LUNG LINH giữa núi rừng. ƯỚC MƠ đã trở thành sự thật | Tập 621	"30,939"	851	45		
	4 MẸ CON dắt nhau vào rừng trú ẩn trong căn chòi sắp SỤP ĐỔ | Tập 620	"12,062"	339	17		
	Khung cảnh triệu đô ở căn nhà cô gái thật thà #tiếnnguyễntv #kếtnốiyêuthương #thiệnnguyện	"4,019"	134	1		
	Tiến ghé thăm cô gái thật thà nhất miền núi #tiếnnguyễntv #kếtnốiyêuthương #thiệnnguyện	"5,040"	92	1		
	Gió lớn không giữ nổi vách nhà cho người nghèo #thiệnnguyện #kếtnốiyêuthương #tiếnnguyễntv	"7,425"	65	1		
	NGƯỜI PHỤ NỮ sống trong hang đá đầy BÍ ẨN bị hù doạ không dám ngủ | Tập 619	"10,776"	394	13		
	Cô gái miền núi lần đầu xuống phố #tiếnnguyễntv #kếtnốiyêuthương #thiệnnguyện #thinhhanh #giadinh	"3,680"	63	2		
	Người dân miền núi vui mừng khi nhận được quà #tiếnnguyễntv #kếtnốiyêuthương #thiệnnguyện	"3,946"	57	3		
	GIẢ VỜ vào chòi cô gái bán GẠO kiếm tiền mua vé xe để đi làm nhưng bị phát hiện | Tập 618	"20,948"	519	42		
	Cô gái thật thà vui mừng khi nhận được dụng cụ bếp #tiếnnguyễntv #kếtnốiyêuthương #thiệnnguyện	"8,380"	119	2		
	2 VỢ CHỒNG sống trong căn chòi rách TE TUA hành nghề nhặt rác nuôi chồng | Tập 617	"8,820"	332	20		
	Cô gái xinh đẹp miền núi bất ngờ nhận nhà mới #tiếnnguyễntv #kếtnốiyêuthương #thiệnnguyện	"4,906"	103	6		
	"TAI NẠN bất ngờ vào ngày tết, người đàn ông say rượu lao xe vào nhà em Lệ | Tập 616"	"22,075"	569	19		
	TÁ HOẢ khi chị Cượng đưa Tiến đến nơi làm việc BỐC MÙI nhất vào ngày TẾT| Tập 615	"30,608"	714	39		
	Cô gái thật thà vui mừng khi nhận được quà #tiếnnguyễntv #kếtnốiyêuthương #thiệnnguyện	"17,546"	356	3		
	Mùng 1 tết VƯỢT DỐC ĐÁ phát hiện người phụ nữ sống trong căn chòi nát trong rừng | Tập 614	"13,496"	397	21		
	Người phụ nữ bỏ 2 đứa con thơ CHẠY MẤT DÉP khi Tiến đến thăm | Tập 613	"22,985"	640	25		
	Chị Cượng thật thà bất ngờ khi được tặng xe đạp #tiếnnguyễntv #thiệnnguyện #kếtnốiyêuthương	"7,353"	185	3		
	2 vợ chồng nghèo khóc nức nở vì có tiền chữa bệnh cho con #tiếnnguyễntv #kếtnốiyêuthương	"2,242"	69	1		
	Bất ngờ ĐỔI ĐỜI CHỈ SAU MỘT ĐÊM ước mơ to lớn đã trở thành sự thật | Tập 612	"16,709"	696	38		
	Chuyến xe đong đầy tình thương vào dịp TẾT cho CÔ GÁI may mắn nhất miền núi | Tập 611	"16,006"	525	34		
	Cô gái sống trong HANG ĐÁ sau khi đổi đời bất ngờ RƠI LỆ khi gặp lại Tiến | Tập 610	"12,349"	615	25		
	Chị gái dễ thương cười giòn như bắp rang khi biết tin có nhà mới #tiếnnguyễntv #ketnoiyeuthuong	"5,101"	81	0		
	VỠ OÀ CẢM XÚC cả gia đình vui mừng khi ước mơ đã trở thành sự thật vào ngày TẾT | Tập 609	"60,046"	"1,465"	87		
	Giả vờ rủ chị Cượng đi bán nồi kiếm tiền tết #tiếnnguyễntv #thiệnnguyện #kếtnốiyêuthương	"12,173"	121	3		
	Chương trình miền núi 10 hộ dân nghèo nào MAY MẮN nhận được quà TẾT đặc biệt | Tập 608	"25,265"	606	25		
	Câu nói nhói lòng vào dịp cận TẾT của người phụ nữ #tiếnnguyễntv #thiệnnguyện #kếtnốiyêuthương	"5,655"	98	1		
	GIẢ VỜ rủ cô gái thật thà đi bán hàng và kết thúc kỉ niệm đẹp với gia đình chị Cượng | Tập 607	"90,192"	"1,726"	69		
	"100 phần quà TẾT gửi đến bà con nghèo miền núi, năm nay được ẤM NO | Tập 605"	"10,103"	399	25		
	4 MẸ CON không tin vào mắt mình ƯỚC MƠ có nhà mới đã trở thành sự thật | Tập 604	"80,127"	"1,938"	121		
	"Cải tiến căn chòi nát, người phụ nữ vui mừng muốn khóc #tiếnnguyễntv #kếtnốiyêuthương #thiệnnguyện"	"1,273"	64	2		
	Người dân nghèo VỠ OÀ CẢM XÚC hạnh phúc khi nhận được quà TẾT và nơi ở ấm cúng | Tập 603	"12,254"	467	25		
	Chị Cượng thật thà bị nói gì sau khi có nhà mới #tiếnnguyễntv #thiệnnguyện #kếtnốiyêuthương	"1,942"	97	3		
	XÓT XA 2 vợ chồng bỗng dưng khóc NỨC NỞ khi nhìn thấy di ảnh của con trai | Tập 602	"7,862"	239	16		
	CÔ GÁI THẬT THÀ bị nhiều người nói sau khi có NHÀ MỚI vì lý do gì | Tập 601	"85,552"	"2,238"	117		
	Đến thăm cô gái thật thà nhất miền núi nhưng không có ở nhà #tiếnnguyễntv #thiệnnguyện	"8,246"	306	10		
	Người cha vui mừng vì có tiền mua thuốc cho con #tiếnnguyễntv #kếtnốiyêuthương #thiệnnguyện	"28,562"	226	0		
	Chị Thuỷ đỏ mắt khi nhận được quà	"3,097"	79	3		
	Những câu nói đau lòng và ước mơ của cậu bé nghèo miền núi #tiếnnguyễntv #kếtnốiyêuthương	"2,516"	56	1		
	Cô gái trẻ mồ côi khóc NỨC NỞ vì con thơ mắc căn bệnh kì lạ #tiếnnguyễntv #kếtnốiyêuthương	"6,614"	79	3		
	Người cha BẤT NGỜ nhận được tiền TẾT để sử dụng mua thuốc cho con trai TÂM THẦN. | Tập 600	"5,843"	319	9		
	CÔ GÁI XINH ĐẸP khóc nức nở phải nuôi con có chứng bệnh kỳ lạ nhất miền núi | Tập 599	"18,797"	661	39		
	HÔM NAY TIẾN LÊN NÚI PHÁT QUÀ CHO TRẺ EM MIỀN NÚI #tiếnnguyễntv #kếtnốiyêuthương #thiệnnguyện	"10,283"	194	2		
	Người bà sống trong căn chòi nát cùng 5 đứa cháu bị cha bỏ rơi #tiếnnguyễntv #kếtnốiyêuthương	"15,273"	183	5		
	Món ăn ngon nhất trong đời của những chú chó rừng #tiếnnguyễntv #kếtnốiyêuthương #thiệnnguyện	"2,512"	43	1		
	“5 ĐỨA BÉ BỊ CHA RUỘT BỎ RƠI” sống trong căn chòi rách giữa rừng cùng ông bà | Tập 598	"8,661"	338	13		
	TIẾN bất ngờ TRÚNG SỐ và niềm vui của cô bé nghèo #thiệnnguyện #kếtnốiyêuthương #tiếnnguyễntv	"3,882"	205	3		
	3 MẸ CON bị chồng bỏ rơi giữa rừng BẤT NGỜ đổi đời chỉ sau một đêm | Tập 597	"34,739"	"1,512"	120		
	"TIẾN NGUYỄN bất ngờ TRÚNG SỐ, và hành trình mang niềm vui đến với 3 mẹ con nghèo | Tập 596"	"25,760"	921	62		
	Bữa ăn ngon nhất cuộc đời của gia đình 3 người PHỤ NỮ có KHỐI U khắp cơ thể | Tập 595	"8,398"	325	24		
	Chú ngỗng hung dữ nhất miền núi không ai dám lại gần #kếtnốiyêuthương #thiệnnguyện #tiếnnguyễntv	"3,163"	30	1		
	Màn đụng độ với THIÊN NGA BAY khi đến thăm vợ chồng ĐÔI ĐŨA LỆCH | Tập 594	"9,612"	309	12		
	Cô bé bật khóc khi không có cặp đến trường #tiếnnguyễntv #thiệnnguyện #kếtnốiyêuthương #cuocsong	"11,424"	213	1		
	Bất ngờ trúng số đổi đời chỉ sau một đêm #tiếnnguyễntv #thiệnnguyện #kếtnốiyêuthương #cuocsong	"19,645"	623	15		
	"Sống trong căn chòi đầy U ÁM, khổ tâm vì có người chồng TÂM THẦN lang thang | Tập 594"	"17,978"	346	8		
	Cô gái thật thà nhặt ve chai bất ngờ có được ước mơ #tiếnnguyễntv #kếtnốiyêuthương #kếtnốiyêuthương	"222,763"	"3,010"	67		
	“BẬT KHÓC NỨC NỞ” bỗng dưng ƯỚC MƠ trở thành sự thật sau một đêm | Tập 593	"264,022"	"5,521"	394		
	HÀNH TRÌNH thực hiện ƯỚC MƠ cho gia đình người phụ nữ nhặt rác | Tập 592	"12,257"	435	21		
	Người cha vui mừng vì đã có được ánh sáng trong căn chòi rách #kếtnốiyêuthương #thiệnnguyện	"3,698"	75	1		
	Người đàn ông hoá TÂM THẦN khi đi làm kiếm tiền nuôi cha mẹ già #tiếnnguyễntv #kếtnốiyêuthương	"9,199"	119	2		
	Sống trong CĂN CHÒI RÁCH NÁT người cha nuôi con TÂM THẦN cả cuộc đời | Tập 591	"12,225"	403	25		
	2 MẸ CON ăn đu đủ sống để tồn tại trong rừng #tiếnnguyễntv #kếtnốiyêuthương #thiệnnguyện	"4,039"	70	2		
	ƯỚC MƠ của người mẹ trẻ nghèo nhất miền núi #tiếnnguyễntv #kếtnốiyêuthương #thiệnnguyện	"3,652"	46	0		
	"3 MẸ CON sống trong căn nhà RÁCH NÁT, mọi thứ được nhặt từ VE CHAI | Tập 590"	"34,623"	632	20		
	Cô gái ôm con vào rừng sử dụng nguồn nước dưới lồng đất #tiếnnguyễntv #thiệnnguyện #kếtnốiyêuthương	"3,396"	86	3		
	"2 MẸ CON trú ẩn trong căn chòi rách nát, sống cùng động vật, ăn ĐU ĐỦ để tồn tại | Tập 589"	"8,527"	236	9		
	Tặng quà cho người đàn ông được mệnh danh là người rừng sống trên núi #tiếnnguyễntv #thiệnnguyện	"20,557"	92	1		
	Lang thang trong rừng sâu phát hiện bộ lạc người RAGLAI #tiếnnguyễntv #thiệnnguyện #kếtnốiyêuthương	"1,932"	46	2		
	GIẢ VỜ bán đèn năng lượng trả góp kiếm tiền ăn TẾT và phản ứng của CÔ GÁI TRẺ | Tập 588	"68,915"	986	28		
	Sống như người rừng bên trong căn chòi trên núi #tiếnnguyễntv #thiệnnguyện #kếtnốiyêuthương	"3,507"	31	0		
	"SỐNG NHƯ NGƯỜI RỪNG trong căn chòi rách, người đàn ông VUI MỪNG khi nhận được quà | Tập 587"	"1,953"	135	8		
	3 người phụ nữ có KHỐI U mọc khắp cơ thể ước mơ tìm được hạnh phúc #thiệnnguyện #kếtnốiyêuthương	"2,143"	33	0		
	"BẤT NGỜ phát hiện 3 người phụ nữ NGHÈO sống trong rừng, có KHỐI U khắp cơ thể. Tập 586"	"2,400"	112	5		
	Phong tục về người đã khuất của người dân tộc RAGLAY #tiếnnguyễntv #thiệnnguyện #kếtnốiyêuthương	"9,736"	57	0		
	Người phụ nữ nghèo và món ăn ngon nhất đối với cô #tiếnnguyễntv #thiệnnguyện #kếtnốiyêuthương	"16,626"	144	3		
	ĐỘT NHẬP VÀO CĂN CHÒI TRÊN NÚI CỦA NGƯỜI RAGLAI #thiệnnguyện #tiếnnguyễntv #kếtnốiyêuthương	"2,452"	36	0		
	"NGƯỜI PHỤ NỮ nghèo, sống trong căn chòi nát, ƯỚC MƠ có được gạo ăn. Tập 585"	"3,431"	173	10		
	“SỐNG TRONG CĂN CHÒI RÁCH NÁT” người phụ nữ ĐAU LÒNG vì quá nhớ chồng. Tập 584	"4,010"	195	11		
	2 mẹ con sống trong căn chòi rách và ước mơ của cậu bé không thể thực hiện được #thiệnnguyện	"8,814"	182	7		
	"THẢM HOẠ căn chòi bị cháy và nước lũ cuốn trôi,cụ bà phải sống lang thang #thiệnnguyện#tiếnnguyễntv"	"1,725"	34	0		
	Sống trong CĂN CHÒI RÁCH NÁT cụ bà phải sống lang thang trong rừng. Tập 583	"2,848"	164	8		
	CỤ BÀ khóc vì con đến sắp mù loà phải vào rừng HẺO LÁNH để ở #thiệnnguyện #kếtnốiyêuthương	"1,593"	39	0		
	Cô THIẾU NỮ ôm con vào rừng ăn khoai để tồn tại #thiệnnguyện #tiếnnguyễntv #kếtnốiyêuthương	"9,370"	51	3		
	Hoàn thiện căn nhà tình thương số 73 đẹp lung linh trên núi #thiệnnguyện #giúpđỡngườinghèo	"2,030"	33	0		
	"“CỤ BÀ KHÓC NỨC NỞ” trong rừng, phải bán hết nhà cửa vì con làm ăn ĐỔ NỢ. Tập 582"	"4,126"	176	6		
	"Sống trong căn chòi RÁCH NÁT chờ chồng, cả đời không có HẠT GẠO để ăn. Tập 581"	"4,793"	196	9		
	"Lần đầu NHẬN QUÀ LỚN, người đàn ông cười đến RỤNG RĂNG. Tập 580"	"10,599"	215	6		
	Hôm Nay Tiến Sẽ Đưa Cô Bác Anh Chị Đi Đào Khoai Rừng Cùng Tiến Nha #thiệnnguyện #giúpđỡngườinghèo	"3,337"	52	1		
	3 MẸ CON bị nhà chồng đuổi vào rừng trú ẩn. BẤT NGỜ đổi đời chỉ sau 1 đêm. Tập 579	"172,507"	"2,104"	141		
	VƯỢT NÚI đầy gian khó…xây dựng căn nhà TÌNH THƯƠNG cho 2 mẹ con đẹp lung linh giữa núi rừng. Tập 578	"11,014"	310	17		
	"NGƯỜI MẸ TRẺ TUỔI NHẤT MIỀN NÚI, ôm con vào rừng sâu trú ẩn đợi chồng về. Tập 577"	"5,468"	213	14		
	"BẤT NGỜ..khi nhìn thấy căn chòi SỤP ĐỔ của bà lão, gặp SỰ CỐ lạc vào rừng sâu. Tập 576"	"2,963"	175	11		
	"Vào rừng sâu phát hiện 3 bà cháu bị BỎ RƠI, sống như NGƯỜI RỪNG #thiệnnguyện #giúpđỡngườinghèo"	"2,967"	35	2		
	"BẤT NGỜ..Hai đứa bé trở thành trẻ MỒ CÔI, sống cùng BÀ LÃO trong căn chòi rách trên núi. Tập 575"	"8,032"	309	17		
	"“VỠ OÀ CẢM XÚC” 300 phần quà được trao tận tay người dân nghèo MIỀN NÚI, vui như LỄ HỘI. Tập 574"	"1,914"	146	10		
	"Chị Quý bán gà phục vụ đời sống, không may bị ép giá TRẮNG TRỢN, khổ càng thêm khổ. Tập 573"	"3,479"	187	8		
	“KHÓC CẠN NƯỚC MẮT” chồng bất ngờ đưa NHÂN TÌNH về nhà đòi ở chung. Tập 572	"3,726"	168	7		
	"ÔNG BÀ LÃO cả đời cực khổ, phải sống trong căn chòi nát, ăn cháo sống qua ngày. Tập 571"	"1,807"	112	9		
	"NGƯỜI PHỤ NỮ Bị Bệnh Tim, Sống 4 Năm Trong Lều Chật Sau Khi Bị Bỏ Rơi. Tập 570"	"1,833"	135	8		
	"Cuộc sống KHỐN KHÓ, 2 bà cháu sống TẠM BỢ trong căn chòi giữa cánh đồng ngô. tập 569"	"2,023"	108	6		
	"Sống trong căn chòi RÁCH NÁT, không có gạo ăn, nguy hiểm RÌNH RẬP mỗi đêm. Tập 568"	"3,790"	148	10		
	Vượt suối lớn...đến thăm đôi vợ chồng vui tính nhất miền núi. Tập 566	"3,141"	161	9		
	BẤT NGỜ VỊ SƯ vượt đường xa để đến chứng kiến cuộc sống NGHÈO ĐÓI của người RAGLAI. Tập 565	"3,242"	139	16		
	"TẬN CÙNG NỖI KHỔ phải sống trong căn chòi RÁCH NÁT, ở tận rừng sâu không ai tìm thấy. Tập 564"	"4,277"	163	7		
	Người mẹ NGHÈO bất ngờ nhận được TIN VUI sau cơn lũ tàn phá mọi thứ. Tập 563	"6,813"	215	7		
	NGUỒN NƯỚC từ số tiền của ÂN NHÂN đã cứu lấy gia đình nghèo trong căn chòi RÁCH NÁT. Tập 562	"3,590"	155	8		
	"Người đàn ông vô gia cư, sống trong CHUỒNG DÊ, cả đời không có vợ con. Tập 561"	"4,318"	197	12		
	"ĐÔI VỢ CHỒNG siêng năng nhất miền núi, ở tận rừng sâu, trong căn chòi TAN NÁT. Tập 560"	"5,694"	223	7		
	"XÓT XA người chồng khóc NỨC NỞ vì bệnh tật, chú heo cứu ĐÓI cả gia đình. Tập 559"	"3,832"	162	6		
	Sống trong căn chòi MỤC NÁT mưa BÃO đến không còn nơi để TRÚ ẨN. Tập 558	"9,752"	334	19		
	"15 năm sống trong HANG ĐÁ, 2 mẹ con VUI MỪNG khi ƯỚC MƠ đã thành sự thật. Tập 557"	"18,072"	457	23		
	HÀNH TRÌNH thực hiện ƯỚC MƠ lớn nhất cuộc đời cho gia đình 10 năm sống HANG ĐÁ. Tập 556	"16,376"	429	12		
	BẤT NGỜ người phụ nữ mắc nợ và bị xiết đất cũng vì CHÉN CƠM MANH ÁO. Tập 555	"5,435"	208	10		
	Hai mẹ con 15 năm trong HANG ĐÁ ước mơ căn nhà số 72 sẽ sớm trở thành sự thật. Tập 554	"6,032"	273	19		
	Người phụ nữ sống trong căn chòi RÁCH NÁT...mỗi ngày ăn cháo với măng thay CƠM. Tập 553	"8,608"	262	13		
	"""NƯỚC MẮT TUÔN RƠI"" VỠ OÀ cảm xúc khi ƯỚC MƠ đã trở thành sự thật. Tập 552"	"35,922"	816	61		
	PHẦN 1: HÀNH TRÌNH thực hiện ƯỚC MƠ cho gia đình nghèo khó nhất MIỀN NÚI. Tập 551	"7,197"	291	13		
	"Người vợ bị đuổi ra khỏi nhà vào NỬA ĐÊM, 4 mẹ con phải tim NHÀ HOANG để trú ẩn. Tập 551"	"7,681"	317	18		
	"3 mẹ con sống trên TẢNG ĐÁ lớn, ăn đu đủ để tồn tại, và ƯỚC MƠ của đúa con thơ. Tập 550"	"10,275"	287	10		
	"Kẻ trộm BẤT NGỜ đột nhập vào nhà, và cảm xúc của người nghèo khi nhận được quà lớn. Tập 549"	"25,020"	479	27		
	"TIN VUI dành cho người phụ nữ nghèo mắc phải căn BỆNH TIM, cả đời chỉ toàn NƯỚC MẮT. Tập 548"	"4,670"	213	9		
	"""SỐNG TRONG CĂN CHÒI MỤC NÁT"" chồng mất sớm, con bệnh tật, cuộc đời sẽ đi về đâu. Tập 547"	"4,209"	167	7		
	"Con rể đập phá chòi, khiến cho mẹ phải ở cạnh con suối nguy hiểm nhất núi rừng. Tập 546"	"4,958"	238	10		
	"Người phụ nữ không có nơi để TRÚ ẨN, ăn lá ĐU ĐỦ mỗi ngày để tồn tại. Tập 545"	"5,427"	214	12		
	"Người đàn ông KỲ LẠ sống ẩn danh, cực kì nghèo khổ trên đỉnh núi cao không ai tìm thấy. Tập 544"	"3,424"	161	9		
	"Cuộc đời BẾ TẮC của 2 cô gái nghèo, 2 số phận đầy bi thương, sự thật ít ai biết đến. Tập 543"	"7,377"	233	16		
	"NƯỚC MẮT người vợ khi bị bỏ rơi, đứa bé vô tội bị bạo hành vì giống NGƯỜI RỪNG.Tập 542"	"4,822"	225	13		
	"“SỐNG NHƯ NGƯỜI RỪNG” nghèo đến mức không gạo, bắp ngô là vị cứu tinh duy nhất. Tập 541"	"3,760"	160	8		
	XÓT XA cảnh 3 bà cháu nghèo phải ăn lá ĐU ĐỦ sống lay lắt giữa rừng. Tập 540	"8,003"	261	11		
	"Cô gái nghèo cầu xin chồng rời bỏ mình, vì cuộc sống ÉO LE không biết khi nào sẽ CH.ẾT. Tập 539"	"4,666"	190	12		
	"Người cha khóc NỨC NỞ, khi tận mắt chứng kiến dòng NƯỚC LŨ, đã cướp đi mạng sống con mình. Tập 538"	"9,262"	290	17		
	"Đôi vợ chồng nghèo dễ thương nhất MIỀN NÚI, không có nơi ở phải ăn KHOAI MÌ sống qua ngày. Tập 537"	"4,581"	174	4		
	"Người phụ nữ cả đời không có nhà cửa để ở, phải ôm con đi ĂN NHỜ Ở ĐẬU khi BÃO LŨ kéo đến. Tập 536"	"7,159"	252	16		
	"""VỠ ÒA CẢM XÚC"" khi ƯỚC MƠ đã trở thành sự thật, mọi người vui mừng giữa cơn bão lớn. Tập 535"	"14,186"	442	19		
	PHẦN 1: HÀNH TRÌNH thực hiện ƯỚC MƠ cho người nghèo giữa trận LŨ QUÉT không lối thoát. Tập 534	"3,717"	184	11		
	"Người phụ nữ NGHÈO dù bị chê xấu xí, chấp nhận ngủ cùng NGƯỜI LẠ để có con nuôi. Tập 533"	"4,554"	196	8		
	"Người phụ nữ sống ẨN CƯ trong rừng sâu, mỗi đêm ngủ cùng với gà trong căn chòi DỘT NÁT. Tập 532"	"4,467"	170	6		
	PHẦN 2: Vỡ oà cảm xúc khi ƯỚC MƠ của cô THIẾU NỮ nghèo đã trở thành sự thật. Tập 531	"16,268"	444	34		
	PHẦN 1: Vượt qua đoạn đường xấu nhất MIỀN NÚI để mang điều tuyệt vời đến với cô THIẾU NỮ. Tập 530	"9,333"	266	15		
	"Lời kể RỢN NGƯỜI khi dân làng đi tìm xác, và hành trình chinh phục đỉnh núi cao. Tập 529"	"4,320"	166	4		
	Chồng đột ngột QUA ĐỜI bỏ lại người phụ nữ sống trong căn chòi rách TE TUA. Tập 528	"3,654"	163	3		
	"Người cha khóc hết nước mắt, khi thấy cảnh con thơ vượt rừng núi xa xôi đi học. Tập 527"	"8,448"	288	9		
	THIẾU NỮ 16 tuổi phải ôm con thơ đi khắp rừng núi tìm nơi TRÚ ẨN khi mưa to gió lớn. Tập 526	"16,675"	314	11		
	"Người đàn ông rơi NƯỚC MẮT vì cuộc sống quá cực khổ, không có gì cho con ăn. Tập 525"	"4,956"	239	22		
	Truy tìm đôi vợ chồng nghèo sống trong hang đá 7 năm #tiếnnguyễntv #kếtnốiyêuthương #thiệnnguyện	"3,646"	80	0		
	"Mừng ơi là mừng, cuối cùng người phụ nữ nghèo cũng có nhà mới #tiếnnguyễntv #kếtnốiyêuthương"	"5,693"	120	2		
	"Người đàn ông nghèo rơi NƯỚC MẮT khi 2 vợ chồng mất cha, mất mẹ từ thuở còn thơ. Tập 524"	"2,275"	149	6		
	"Vợ chồng ĐÔI ĐŨA LỆCH cả đời sống trong HANG ĐÁ, nghèo khổ bị người đời dèm pha. Tập 523"	"4,995"	208	10		
	"Cậu bé nghèo 13 tuổi phải chăm lo cho gia đình, rơi nước mắt khi ƯỚC MƠ đã bị dập tắt. Tập 522"	"3,604"	191	12		
	“NGHÈO RỚT MỒNG TƠI” người phụ nữ trồng thực vật để ăn thay cơm. Tập 521	"2,275"	143	11		
	Vượt qua tổ ONG MẶT QUỶ nguy hiểm để đến thăm gia đình nghèo trên đỉnh núi. Tập 520	"9,650"	189	15		
	"Vì 1 phút nông nỗi người VỢ TRẺ đã bị sát hại, để lại nỗi đau thấu trời cho chồng con. Tập 519"	"8,427"	158	7		
	"NGHÈO ƠI LÀ NGHÈO, cha mất bị bạn bè chê cười và quyết tâm mãnh liệt từ cô bé xinh đẹp. Tập 518"	"6,098"	205	13		
	ƯỚC MƠ khao khát được đến trường của trẻ em NGHÈO trong năm học mới. Tập 517	"7,423"	187	16		
	"Sống trong căn chòi rách TE TUA, mỗi ngày phải bị ĐE DOẠ bởi người em TÂM THẦN. Tập 516"	"3,962"	166	15		
	GIẢ VỜ vào rừng sâu nghèo khổ để xin trẻ con về nuôi và cái kết BẤT NGỜ. Tập 515	"2,883"	135	11		
	"Hai đại gia chạm mặt nhau trên rừng núi NGHÈO KHỔ, 1 trong 2 đã rơi NƯỚC MẮT. Tập 514"	"3,823"	181	10		
	ƯỚC MƠ giản đơn của người dân NGHÈO ĐÓI đã trở thành sự thật. Tập 512	"8,643"	300	13		
	"Gia đình nghèo khổ nhất MIỀN NÚI, rơi NƯỚC MẮT với ƯỚC MƠ của trẻ thơ. Tập 511"	"6,266"	249	14		
	"ƯỚC MƠ thành sự thật ở tuổi 60, và những giọt NƯỚC MẮT rơi liên tục của người nghèo. Tập 510"	"15,516"	516	42		
	"Những hộ NGHÈO may mắn nhất núi rừng, nụ cười trên môi khi đã bớt khổ. Tập 509"	"8,194"	322	10		
	"BẤT NGỜ cụ bà nhận được món quà CỰC LỚN, vỡ oà khi ƯỚC MƠ đã thành sự thật. Tập 508"	"12,976"	446	34		
	Lời cảm ơn đẫm NƯỚC MẮT. Cuối cùng ƯỚC MƠ đã trở thành sự thật #tiếnnguyễntv #kếtnốiyêuthương	"3,949"	75	1		
	"Lời cảm ơn đẫm NƯỚC MẮT, cuối cùng ƯỚC MƠ của đôi vợ chồng cũng đã thành sự thật. Tập 507"	"18,004"	623	37		
	"CĂN NHÀ TÌNH THƯƠNG giữa núi rừng, bà mụ đỡ đẻ mừng RỚT NƯỚC MẮT. Tập 506"	"12,399"	429	28		
	"Cụ bà nghèo “VỠ OÀ CẢM XÚC” khi ƯỚC MƠ trở thành sự thật, căn nhà xinh đẹp được mọc lên. Tập 505"	"15,776"	570	34		
	"MTQ vượt hơn nửa vòng trái đất đến VIỆT NAM, 250 gia đình thay đổi cuộc sống. Tập 504"	"4,427"	187	20		
	"GIẢ VỜ vào xin tiền cụ bà nghèo khổ mua đồ ăn, ai ngờ bà cho 2 cây sắt đi bán kiếm tiền. Tập 504"	"5,310"	239	15		
	Cô bé xinh đẹp sống trong rừng ƯỚC MƠ làm cô giáo để nuôi mẹ già. Tập 503	"6,191"	239	14		
	"Người đàn ông cả đời SỢ HÃI phụ nữ, phải sống trong căn chòi nát cây cối đè sụp đổ. Tập 502"	"5,025"	208	19		
	Cả đời không chồng con phải làm VẤT VẢ để nuôi người em TÂM THẦN. Tập 501	"3,463"	175	11		
	Cả đời làm “MỤ ĐỠ ĐẺ TRONG RỪNG” phải đi lụm CỨ.C BÒ để đổi gạo ăn. Tập 499	"3,536"	175	10		
	“NGHÈO CÒN GẶP CÁI EO” chú NGHI bị kẻ lạ mặt trộm xe ngay giữa ban ngày. Tập 498	"2,634"	157	10		
	"Người đàn ông có 1 bàn tay và 3 bàn chân KÌ LẠ nhất thế giới, ẩn mình trong rừng sâu. Tập 497"	"2,828"	171	22		
	BẤT NGỜ bắt được RẮN LỚN chui vào nơi ở của người NGHÈO #tiếnnguyễntv #kếtnốiyêuthương #thiệnnguyện	"10,435"	97	0		
	Nỗi KHIẾP SỢ của người dân nghèo vào lúc nửa đêm trong rừng núi #tiếnnguyễntv #kếtnốiyêuthương	"2,423"	45	0		
	"HÀNH TRÌNH đi tìm lại sự sống, chị Lan BẤT NGỜ khi nhận được số tiền lớn. Tập 496"	"3,653"	200	18		
	Đột nhập vào trong gia đình nghèo khổ. GIẢ VỜ ăn trộm trứng gà và CÁI KẾT. Tập 495	"4,085"	226	10		
	"Cụ bà TRÚ ẨN trong rừng sâu không ai biết đến, cả đời chỉ sống chung với ĐỘNG VẬT. Tập 494"	"3,578"	172	11		
	"Sống trong căn chòi vịt đầy THẢM THƯƠNG, người đàn ông bị liệt nửa người bởi căn bệnh này. Tập 493"	"3,276"	162	9		
	"HÀNH TRÌNH thực hiện ƯỚC MƠ cho cô gái trẻ, và những nguy hiểm luôn rình rập trong rừng. Tập 492"	"6,959"	293	21		
	“MỪNG RỚT NƯỚC MẮT” dù ở căn chòi ĐỔ NÁT nhưng vẫn có gà để làm điểm tựa để phát triển. Tập 491	"4,444"	190	18		
	Cô gái trẻ VỠ OÀ CẢM XÚC khi nhận được gà để nuôi phát triển KINH TẾ trong rừng sâu. Tập 490	"5,840"	256	16		
	Lời kể RỢN NGƯỜI lúc nửa đêm trong căn chòi dưới chân núi của NGƯỜI NGHÈO. Tập 489	"2,816"	170	8		
	Người phụ nữ giấu mặt BẤT NGỜ xuất hiện nói về hoàn cảnh của 5 mẹ con KHỜ. Tập 488	"4,451"	183	11		
	Người phụ nữ CƯỜI RỚT RĂNG khi khi nhận được gà để có cơ hội phát triển KINH TẾ. Tập 487	"4,407"	213	14		
	"Sống trong căn chòi DỘT NÁT, người phụ nữ khóc NỨC NỞ vì quá khổ. Tập 486"	"4,381"	179	13		
	THỬ LÒNG người phụ nữ bán chiếc kính mạ vàng để trả nợ #tiếnnguyễntv #kếtnốiyêuthương #giadinh	"3,270"	42	2		
	"Người phụ nữ BỆNH LAO cả đời nhặt VE CHAI, cầu xin được SỐNG SÓT. Tập 485"	"3,227"	167	13		
	MẠNH THƯỜNG QUÂN vượt hàng trăm KM mang niềm vui đến với người nghèo #tiếnnguyễntv #giadinh	"3,287"	59	2		
	THIẾU NỮ 20 tuổi chấp nhận NGHÈO KHỔ ôm con vào rừng sâu TRÚ ẨN. Tập 484	"7,586"	255	17		
	GIẢ VỜ lạc đường vào tận rừng sâu gặp trẻ em miền núi và CÁI KẾT đầy bất ngờ. Tập 483	"4,790"	200	16		
	"“VỠ OÀ CẢM XÚC” khi ƯỚC MƠ đã trở thành sự thật, đổi đời chỉ sau 1 đêm. Tập 482"	"10,333"	409	43		
	THỬ LÒNG chị lan bán chiếc kính mạ vàng để trả nợ VÀ CÁI KẾT. Tập 481	"5,409"	171	13		
	"Cô bé 20 tuổi bị chồng dụ dỗ và bỏ rơi, lần đầu được ăn món ngon nhất trên đời #tiếnnguyễntv"	"11,900"	122	1		
	"Quay trở lại nơi ở cũ của 4 mẹ con sống trong HANG ĐÁ, bất ngờ khi chứng kiến điều này. Tập 480"	"7,132"	246	12		
	Phải BÒ LẾT dưới đất giữa trời nắng để kiếm tiền lo cho cha mẹ #tiếnnguyễntv #thiệnnguyện #cuocsong	"3,105"	43	1		
	"Chồng nhẫn tâm BỎ RƠI, cô gái trẻ phải ôm con vào rừng TRÚ ẨN để tìm cuộc sống mới. Tập 479"	"15,801"	395	35		
	"CHO ĐI LÀ CÒN MÃI, nụ cười hạnh phúc của người NGHÈO miền núi #tiếnnguyễntv #kếtnốiyêuthương"	"2,050"	49	1		
	"Gặp SỰ CỐ trên đường, chạy đua với thời gian để nhìn thấy nụ cười của NGƯỜI NGHÈO. Tập 478"	"2,894"	180	15		
	"CƠN MƯA LỚN đã lấy đi căn chòi của 3 bà cháu, ƯƠM MẦM hạt giống để TỒN TẠI. Tập 477"	"3,159"	147	13		
	"Sống trong “CĂN CHÒI THÊ THẢM” dưới gốc cây, 2 bà cháu không còn gì để ăn. Tập 476"	"3,910"	171	9		
	"Cụ bà sống ẨN CƯ bên trong khu vực nhiều RẮN ĐỘC, phải đi xin ăn để TỒN TẠI. Tập 475"	"2,720"	130	9		
	"Mong muốn có được một tình yêu ĐÍCH THỰC, không ngờ bị 3 người chồng nhẫn tâm BỎ RƠI. Tập 473"	"10,599"	301	14		
	"Vùng đất nghèo KẺ ĂN KHÔNG HẾT, NGƯỜI LẦN KHÔNG RA trẻ em nghèo có được ƯỚC MƠ. Tập 472"	"4,683"	196	14		
	"Ông cụ sống ẩn mình trong rừng suốt nhiều năm, chỉ mong muốn có thịt để ăn. Tập 471"	"4,503"	199	14		
	"Sống trong CĂN CHÒI RÁCH NÁT tã tơi vì mưa gió gây ra, không còn nơi nào ở được. Tập 470"	"7,530"	233	17		
	"Cuộc sống NGHÈO ĐÓI của người nghèo, và những món ăn ĐẶC BIỆT ít có ai dám ăn. Tập 469"	"7,521"	230	12		
	"KHÔNG AI KHỔ BẰNG, chồng nghiện rượu qua đời chỉ để lại cho vợ CĂN CHÒI ĐỔ NÁT. Tập 468"	"13,125"	346	16		
	Người phụ nữ bị chồng ĐÁNH ĐẬP vỡ oà cảm xúc khi ƯỚC MƠ đã thành sự thật. Tập 467	"42,725"	907	84		
	"XÓT XA trước cảnh 2 vợ chồng bệnh đau, phải đi mượn tiền nhưng bị ĐUỔI về. Tập 466"	"5,463"	211	10		
	ƯỚC MƠ của gia đình nghèo trở nên THẤT BẠI vì 1 lý do không ai ngờ tới. Tập 465	"12,275"	433	33		
	"Người phụ nữ khóc NỨC NỞ, cứ ngỡ mọi thứ chỉ là GIẤC MƠ. Tập 464"	"54,426"	"1,304"	93		
	VUI MỪNG gia đình người phụ nữ BỆNH LAO PHỔI khi có NHÀ và GÀ đã không còn khổ như trước. Tập 463	"6,891"	272	21		
	"Cha mẹ bỏ con giữa cuộc đời nghèo khổ, ăn bắp chuối thay cơm để tồn tại qua ngày. Tập 463"	"6,644"	219	21		
	"Cả gia đình sống trong CĂN CHÒI RÁCH ước mơ có thịt để ăn, có nơi để ở. Tập 462"	"9,272"	290	19		
	Người phụ nữ TÀN TẬT bật khóc NỞ NỞ khi bị cháu đuổi ra khỏi nhà. Tập 461	"4,894"	226	14		
	Vào tận rừng sâu tìm kiếm cặp vợ chồng ĐÔI ĐŨA LỆCH sống trong căn chòi rách thảm thương. Tập 460	"5,581"	195	10		
	"Người đàn ông nghèo, vì quá nhớ vợ nên quyết định cả đời chỉ sống với ĐỘNG VẬT. Tập 459"	"5,699"	207	10		
	Người phụ nữ nghèo OÀ KHÓC vì thấy người lạ đến nhà bắt sang CAMPUCHIA. Tập 458	"7,978"	299	17		
	“3 MẸ CON CẢ ĐỜI SỐNG TRONG HANG ĐÁ” vui mừng khi thực hiện được ƯỚC MƠ chăn nuôi. Tập 457	"9,577"	282	17		
	“NGƯỜI PHỤ NỮ VỠ OÀ CẢM XÚC” bỗng dưng ƯỚC MƠ trở thành sự thật. Tập 456	"21,531"	635	43		
	"“Gạo không đủ ăn, áo không đủ mặc” sống trong CĂN CHÒI RÁCH khi chồng qua đời. Tập 455"	"6,168"	219	13		
	Bà cụ sống cô đơn trong núi vui mừng oà khóc vì lần đầu được nhận gạo trong đời. Tập 454	"6,148"	240	12		
	"Bà lão 15 năm sống CÔ ĐỘC trong rừng sâu không có gạo ăn, chỉ mặc 1 bộ đồ duy nhất. Tập 453"	"9,464"	297	16		
	"3 bà cháu sống trong CĂN CHÒI RÁCH, phải dùng thức ăn RUỒI BU KIẾN ĐẬU để tồn tại. Tập 452"	"10,208"	277	13		
	Người phụ nữ OÀ KHÓC khi vừa có NHÀ VÀ GÀ sau khi người chồng qua đời. Tập 451	"28,323"	643	33		
	"Người đàn ông nghèo, cả đời chỉ sống chung với ĐỘNG VẬT xem khỉ là người vợ đã mất. Tập 450"	"192,300"	"1,856"	65		
	"GIA ĐÌNH NGHÈO VỠ OÀ CẢM XÚC, bỗng dưng ƯỚC MƠ trở thành sự thật. Tập 449"	"51,899"	801	49		
	"CĂN NHÀ MƠ ƯỚC ĐẸP LUNG LINH trong rừng sâu, 6 mẹ con mừng RỚT NƯỚC MẮT. Tập 448"	"55,161"	"1,165"	65		
	"Sống trong CĂN CHÒI MỤC NÁT, 20 nhặt PHÂN BÒ để đổi gạo ăn. Tập 447"	"4,958"	183	16		
	“SỐNG TRONG CĂN CHÒI DỘT NÁT” phải nhổ CỦ KHOAI ĐỘC HẠI để có tiền nuôi con. Tập 446	"9,209"	223	17		
	Những giọt nước mắt và ƯỚC MƠ của người phụ nữ BỆNH LAO PHỔI dành cho con của mình. Tập 444	"4,709"	184	17		
	Chồng rời khỏi thế gian bỏ lại 3 mẹ con sống KHỔ SỞ trong căn chòi RÁCH NÁT. Tập 443	"6,895"	236	12		
	"Sống trong căn chòi sắp ĐỔ NÁT trên núi cao, ƯỚC MƠ có cá khô để mà ăn. Tập 442"	"6,450"	238	24		
	"Cô gái trẻ mang bụng bầu to, bán hết đất đai để đổi lấy nguồn nước từ thiên nhiên. Tập 441"	"14,343"	278	12		
	"Sống trong CĂN CHÒI SỤP ĐỔ, bé gái phải chịu cảnh HÀNH HẠ ĐÁNH ĐẬP suốt thời gian dài. Tập 440"	"70,530"	809	68		
	"Hai vợ chồng ăn ngủ ở rừng, nghèo khổ đến mức 1 hạt gạo không có mà ăn. Tập 439"	"8,822"	271	19		
	Cậu Bé Kì Lạ Nhất Thế Giới Không Thể Tin Là Họ Còn Tồn Tại Bên Trong Rừng Sâu. Tập 438	"6,623"	204	17		
	"HÀNH TRÌNH vượt dốc đá, để dựng lên CĂN NHÀ đẹp lung linh giữa núi rừng. Tập 438"	"16,504"	456	26		
	Bất ngờ TRÚNG SỐ ĐỘC ĐẮC mua xe ô tô và giúp đỡ cho người nghèo miền núi. Tập 437	"89,900"	"2,005"	156		
	Người mẹ trẻ KHÓC NẤC vì nguy cơ sẽ bị con suối NGUY HIỂM NHẤT cuốn trôi cả gia đình. Tập 436	"7,394"	239	20		
	Cố gắng THOÁT NGHÈO không may ĐỔ NỢ bị siết đất gia đình nghèo không nơi dung thân. Tập 435	"6,965"	200	15		
	BẤT NGỜ gia đình nghèo có NGUỒN NƯỚC THẦN từ thiên nhiên ban tặng. Tập 434	"9,556"	304	13		
	“CHẤN ĐỘNG MIỀN NÚI” người phụ nữ trẻ tuổi quyết định đổi 2 đứa con lấy VÉ SỐ TRÚNG. Tập 433	"13,276"	286	27		
	GIẢ VỜ BÁN CHIẾC XE ĐẠP 15 TRIỆU và bất ngờ với cách xử lý của người nghèo. Tập 432	"9,905"	237	10		
	“SỐNG TRONG CĂN CHÒI SỤP ĐỔ” 3 mẹ con phải chịu cảnh đói quanh năm. Tập 431	"8,610"	238	19		
	RỢN NGƯỜI khi nghe 2 cô con gái kể về người cha đã mất HIỆN VỀ lúc nửa đêm. Tập 430	"9,663"	263	17		
	Cuộc sống nghèo khổ trong CĂN CHÒI VỊT của 3 mẹ con trong rừng núi. Tập 429	"10,637"	237	19		
	"3 mẹ con sống trong CĂN CHÒI DỘT NÁT, phải chịu cảnh đói quanh năm #thiệnnguyện #kếtnốiyêuthương"	"2,166"	49	1		
	"Cuộc sống quá NGHÈO KHỔ, người phụ nữ phải đi nhặt VE CHAI về tận dụng làm nhà ở. Tập 428"	"12,079"	252	16		
	"Mùng 1 TẾT: Cuộc sống KHỔ CỰC của gia đình nghèo trong căn chòi nhỏ, RẮN ĐỘC KHẮP NƠI. Tập 427"	"43,271"	427	31		
	"KÌ LẠ người phụ nữ chỉ sinh được con trai, khi mang bầu con gái đều MẤT hết. Tập 426"	"8,986"	232	8		
	VUI MỪNG khi thấy người nghèo khổ có nơi ở ổn định vào dịp cận TẾT. Tập 425	"11,774"	331	14		
	"3 năm sống trong HANG ĐÁ, gia đình nghèo phải chịu cảnh ĐÓI quanh năm. Tập 424"	"24,321"	406	20		
	“NGƯỜI MẸ NHỎ TUỔI NHẤT MIỀN NÚI” bị chồng ruồng bỏ bất ngờ nhận quà lớn. Tập 423	"65,218"	898	63		
	"BỊ CHỒNG BẠO HÀNH vì không đáp ứng CHUYỆN ẤY, người phụ nữ ôm con vào rừng TRÚ ẨN. Tập 422"	"4,760"	178	8		
	"Ăn ngủ trong rừng, sống trong căn chòi TẢ TƠI, không có GẠO mà ăn. Tập 421"	"5,413"	198	9		
	CẢI TIẾN CĂN NHÀ bà con nghèo vui sướng không nói nên lời. Tập 420	"10,255"	312	17		
	"Người đàn ông bỏ nhà lên núi sống cô độc 1 mình, phải ăn rau rừng khi không có gạo. Tập 419"	"6,003"	172	10		
	Cuộc sống ÉO LE của 3 mẹ con sống trong căn chòi dột nát con trai không nói được. Tập 418	"14,295"	296	13		
	THỰC HIỆN ƯỚC MƠ cho 3 mẹ con nghèo khổ có CĂN NHÀ MỚI trên rừng núi. Tập 417	"26,869"	557	32		
	Chồng qua đời bỏ lại 2 mẹ con sống khổ trong rừng với ƯỚC MƠ còn dang dở. Tập 416	"9,986"	241	12		
	"Món ăn nghèo khổ nhất trên vùng núi, cụ bà quanh năm chỉ ăn cây và lá rừng để tồn tại. Tập 415"	"6,412"	187	10		
	"BÍ ẨN ở vùng đất hẻo lánh, người phụ nữ có cơ thể giống NGƯỜI ẾCH sống trong rừng. Tập 414"	"5,554"	168	13		
	"“CHỒNG MẤT, CON THEO VỢ” bỏ lại người phụ nữ sống cô độc trong rừng núi. Tập 413"	"8,814"	223	11		
	"Người chồng HÀNH HẠ VỢ CON rồi bất ngờ TỰ VẪN, người vợ phải cô độc vào rừ TRÚ ẨN. Tập 412"	"9,080"	228	13		
	CHUYỆN LẠ người mẹ trẻ BẬT KHÓC NỨC NỞ khi chồng qua đời và con trai 4 năm không chịu ăn cơm.Tập 411	"22,924"	376	25		
	"Cô gái khờ trẻ tuổi nhất miền núi, cùng 2 con vào rừng sâu trú ẩn, ăn lá rừng để tồn tại. Tập 410"	"27,376"	418	21		
	Người chồng không chịu nổi cảnh khổ phải bỏ rơi 3 mẹ con giữa rừng. Tập 409	"18,670"	379	24		
	THỰC HIỆN ƯỚC MƠ CUỐI CÙNG cho 3 mẹ con có căn nhà xinh đẹp ở trên vùng núi. Tập 408	"25,324"	600	38		
	"ĐỔI ĐỜI SAU 1 ĐÊM, 4 mẹ con sống trong rừng sâu bất ngờ nhận được CĂN NHÀ TÌNH THƯƠNG. Tập 406"	"55,332"	807	44		
	"Dẫn con thơ vào rừng sâu TRÚ ẨN, ở trong căn chòi TẢ TƠI, bữa đói bữa no. Tập 405"	"10,484"	257	16		
	Cải thiện cửa mới cho CĂN NHÀ TÌNH THƯƠNG của bà con nghèo trên miền núi. Tập 404	"19,194"	438	21		
	NGUYỆN VỌNG CUỐI CÙNG cho các con của người mẹ tâm thần và mắc căn bệnh tim. Tập 403	"10,288"	281	10		
	Cụ bà sống lủi thủi một mình tromg căn chòi tả tới không người thân bên cạnh. Tập 402	"21,381"	443	17		
	BẤT NGỜ người chồng quay lại nhận con của cô bé 19 tuổi bị dụ dỗ sống trong rừng hoang. Tập 401	"54,519"	856	52		
	CỨ NGỠ LÀ GIẤC MƠ 3 mẹ con vui mừng rơi nước mắt khi nhận được CĂN NHÀ TÌNH THƯƠNG. Tập 400	"94,741"	"1,242"	54		
	"KHÔNG AI KHỔ BẰNG, ông cụ bà sống trong rừng sâu phải ăn lá rừng để tồn tại qua ngày. Tập 399"	"9,315"	256	13		
	Gia đình nghèo cứ ngỡ là GIẤC MƠ vì ĐỔI ĐỜI CHỈ SAU 1 đêm có nhà mới. Tập 398	"25,427"	519	32		
	"Bà con nghèo sống trong rừng sâu nhận được quà lớn, vui mừng không nói nên lời. Tập 397"	"17,386"	396	24		
	“MẸ BỊ TÂM THẦN CỰC KHỔ NUÔI CON” phải sống trong rừng không có cháo mà ăn. Tập 396	"15,056"	348	21		
	"Cô gái trẻ OÀ KHÓC khi con thơ không có TAI, phải chịu khổ trên vùng đất KHẮC NGHIỆT. Tập 395"	"12,014"	287	18		
	"Khổ không ai bằng, 3 mẹ con sống trong TÚP LỀU tàn, ăn BẮP thay cơm nơi đồng khô cỏ cháy. Tập 394"	"19,147"	365	19		
	“TÀN NHƯNG KHÔNG PHẾ” Người đàn ông sống cô độc một mình trong rừng sâu chỉ 1 chân. Tập 393	"10,298"	216	10		
	“MỘT MÌNH NUÔI 3 ĐỨA CON VÀ NGƯỜI EM BỊ THẦN KINH” phải ăn đồ rừng để tồn tại. Tập 392	"22,726"	368	22		
	“CUỘC SỐNG NGHÈO KHỔ CỦA NGƯỜI ĐỒNG BÀO” Uống nguồn nước bẩn quanh năm. Tập 391	"28,366"	338	15		
	“BẤT NGỜ NGƯỜI PHỤ NỮ ĐỔI ĐỜI CHỈ SAU 1 ĐÊM” Khi chồng nhẫn tâm bỏ rơi vợ con giữa rừng. Tập 390	"165,408"	"1,113"	57		
	“NGƯỜI MẸ KHỜ TRẺ TUỔI NHẤT MIỀN NÚI” Ôm con thơ vào rừng trú ẩn đợi chồng về. Tập 389	"82,755"	570	24		
	“SỐNG TRONG CĂN CHÒI MỤC NÁT ĐÁNG THƯƠNG” cha mẹ bỏ rơi hai đứa trẻ cho bà nuôi. Tập 388	"56,978"	561	29		
	“NGHÈO RỚT MỒNG TƠI” Phải sống trong túp lều bạt đơn sơ ăn lá rừng mỗi ngày để tồn tại. Tập 387	"27,860"	483	23		
	“HÀNH TRÌNH THỰC HIỆN ƯỚC MƠ” Cho đôi vợ chồng trẻ tuổi nhất miền núi. Tập 386	"70,051"	913	48		
	“NGƯỜI MẸ GIÀ CÔ ĐƠN TRONG RỪNG NÚI” Buồn tủi khi bị con đuổi. Tập 385	"31,844"	483	25		
	“NGƯỜI MẸ TRẺ BỒNG 3 ĐỨA CON THƠ” vào rừng sâu để sinh sống qua ngày. Tập 384	"48,010"	587	29		
	“VƯỢT QUA MỌI GIAN NAN” để nhìn thấy những giọt nước mắt hạnh phúc của người nghèo. Tập 383	"103,366"	"1,174"	75		
	“19 TUỔI BỊ CHỒNG BỎ RƠI GIỮA RỪNG” 2 mẹ con BẤT NGỜ đổi đời chỉ sau một đêm. Tập 382	"461,167"	"2,772"	153		
	“MẸ GIÀ BẬT KHÓC NỨC NỞ” khi nhận được căn nhà MƠ ƯỚC ở tuổi xế chiều. Tập 381	"69,262"	"1,291"	107		
	"Người đàn ông cả đời không có vợ con, BẤT NGỜ nhận được món quà to lớn. Tập 380"	"22,771"	408	21		
	"12 năm khi chồng qua đời, mẹ già phải sống KHỔ SỞ trong rừng sâu ăn trái rừng để tồn tại. Tập 379"	"16,496"	359	22		
	Cô gái trẻ tuổi cùng con thơ vào vùng đất KHẮC NGHIỆT nhất để trú ẩn sống qua ngày. Tập 378	"19,334"	362	18		
	“CÔ GÁI 19 TUỔI BỊ LỪA CÓ BẦU” ôm con thơ 5 tháng tuổi vào rừng sâu để sống. Tập 377	"72,431"	870	45		
	3 mẹ con sống trong “CĂN CHÒI THẢM THƯƠNG” nghèo khổ không một xu dính túi. Tập 376	"43,103"	724	30		
	BẬT KHÓC NỨC NỞ khi nghe tin có được nhà mới #tiếnnguyễntv #thiennguyen #cuocsong	"6,939"	158	1		
	Đi bộ 5km dắt bò lên núi để trao tặng cho người nghèo #tiếnnguyễntv #thiennguyen #giúpđỡngườinghèo	"4,523"	67	1		
	"Người đàn ông ở trong rừng sâu, mỗi ngày ăn lá cây rừng để tồn tại #tiếnnguyễntv #thiennguyen"	"9,219"	125	0		
	Cô gái nhỏ tuổi nhất miền núi bồng con vào rừng sâu để sống #tiếnnguyễntv #thiennguyen #tuthien	"3,955"	68	1		
	“CÔ GÁI NHỎ TUỔI NHẤT MIỀN NÚI” 17 tuổi sinh con thơ mắc phải CĂN BỆNH HIỂM NGHÈO. Tập 375	"34,597"	581	38		
	“BẬT KHÓC CỨ NGỠ LÀ GIẤC MƠ” hành trình trao tặng ngôi nhà mơ ước cho người nghèo. Tập 374	"116,093"	"1,809"	136		
	Vượt qua “MƯA TO GIÓ LỚN” để trao tặng ƯỚC MƠ cho người nghèo. Tập 373	"95,919"	"1,457"	89		
	Người phụ nữ sống trong rừng VUI MỪNG như trúng số vừa có NHÀ và có GÀ để nuôi. Tập 372	"288,011"	"3,033"	171		
	“HÀNH TRÌNH” vượt con dốc núi cao nhất để cung cấp lương thực cho người nghèo. Tập 371	"22,076"	431	27		
	Cả đời “ĂN NHỜ Ở ĐẬU” không có nơi nương tựa phải ở CHUỒNG DÊ có gì ăn đó. Tập 370	"21,002"	382	26		
	“THIẾU NỮ” nhỏ tuổi nhất miền núi phải bồng con thơ vào rừng sâu để trú ẩn. Tập 369	"68,244"	709	37		
	Niềm vui nhân đôi khi thực hiện ƯỚC MƠ tặng nhà và xe đạp cho gia đình nghèo #tiếnnguyễntv	"18,442"	422	5		
	Bữa ăn nghèo khổ nhất của người nghèo #tiếnnguyễntv #thiennguyen #cuocsong #tuthien #giadinh	"12,502"	144	2		
	"Thiếu nữ trẻ tuổi nhất rừng núi,sống cùng con thơ trong căn chòi mục nát #tiếnnguyễntv #thiennguyen"	"8,839"	107	1		
	"Dẫn con vào rừng sâu trú ẩn, phải ăn cà rừng mỗi ngày để sống #tiếnnguyễntv #thiennguyen #giadinh"	"2,716"	37	0		
	HÀNH TRÌNH BĂNG RỪNG VƯỢT NÚI vào rừng sâu tiếp tế lương thực cho người nghèo #tiếnnguyễntv	"25,095"	150	3		
	"3 mẹ con phải sống trong CĂN CHÒI TẢ TƠI, mua bão ướt như chuột #tiếnnguyễntv #thiennguyen"	"8,060"	36	0		
	Sống trong “CĂN CHÒI MỤC NÁT” người vợ phải nuôi chồng bị LIỆT nửa người. Tập 368	"10,568"	288	22		
	“NGƯỜI PHỤ NỮ KHÓC NỨC NỞ” bỗng dưng ƯỚC MƠ trở thành sự thật. Tập 367	"1,244,861"	"11,887"	614		
	Băng rừng vượt suối trao tặng Bò cho đôi vợ chồng trẻ tuổi nhất miền núi. Tập 366	"24,888"	349	13		
	Người phụ nữ khóc NỨC NỞ vui mừng khi ƯỚC MƠ đã thành sự thật. Tập 365	"195,897"	"1,983"	79		
	Lọt vào khu rừng đẹp nhất để tìm lại CĂN CHÒI CŨ NÁT của người đàn ông. Tập 364	"15,359"	336	18		
	Cô gái trẻ tuổi phải ở trong CĂN CHÒI DỘT NÁT cùng con thơ và ăn rau rừng để tồn tại. Tập 363	"24,241"	387	20		
	“BĂNG RỪNG VƯỢT NÚI” để đến thăm 2 mẹ con nghèo trong rừng sâu. Tập 362	"17,827"	350	21		
	Sống trong căn chòi MỤC NÁT phải nấu CHÁO HEO ăn để tồn tại trong rừng. Tập 361	"10,869"	245	12		
	TRẬN BÃO QUA ĐI để lại căn chòi THÊ THẢM cho 3 mẹ con nghèo khổ sống trong rừng. Tập 360	"86,933"	746	31		
	KHÔNG AI KHỔ BẰNG sống trong CĂN CHÒI BAY NÓC trong rừng sâu cùng con thơ. Tập 359	"121,453"	"1,018"	51		
	"BỮA CƠM CHAN NƯỚC MẮT, chồng mất sớm bỏ lại 4 mẹ con khổ sở #thiennguyen #tiếnnguyễntv"	"6,830"	134	0		
	"Căn chòi TẢ TƠI trên tảng đá, CHỒNG MẤT SỚM bỏ lại vợ và những đứa con thơ sống khổ sở. Tập 358"	"63,685"	610	28		
	Người phụ nữ và những đứa con thơ ngủ dưới đất mỗi đêmnguy hiểm rình rập #thiennguyen #tiếnnguyễntv	"25,244"	197	0		
	"3 mẹ con sống khổ sở trong rừng sâu, ăn lá đu đủ để tồn tại #thiennguyen #tiếnnguyễntv #tuthien"	"12,409"	159	0		
	3 mẹ con sống trong rừng sâu mỗi ngày đều ăn lá ĐU ĐỦ để tồn tại trong rừng. Tập 357	"12,947"	269	16		
	Gia đình nghèo khổ đông con nhất vùng núi phải nằm ngủ dưới đất ăn lá rừng để tồn tại. Tập 357	"24,576"	404	28		
	2 ngày vượt nắng mưa vào rừng sâu để thực hiện ƯỚC MƠ cho người nghèo. Tập 356	"143,727"	"1,602"	92		
	"Trẻ em miền núi được có cơ hội để đến trường, ăn được món ăn ngon nhất trong cuộc đời. Tập 355"	"12,064"	360	22		
	ĐỐI MẶT VỚI 1 CẶP RẮN LỤC GÂY C.HẾT NGƯỜI ĐỘC NHẤT MIỀN NÚI #thiennguyen #tiếnnguyễntv	"3,382"	36	0		
	"Không có nỗi khổ nào khổ hơn, đánh đổi cánh tay để con có sữa uống #thiennguyen #tiếnnguyễntv"	"1,809"	61	1		
	Sống trong căn chòi quá “THẢM THƯƠNG” mọi thứ đều đi xin để tồn tại. Tập 354	"6,629"	238	12		
	Bài thuốc dân gian kì lạ có hiệu lực ngay tức khắc của người đồng bào RAGLAY. Tập 353	"13,388"	268	13		
	3 hộ hoàn cảnh nghèo may mắn nhận được tiền của MTQ để mua tôn và những nụ cười hạnh phúc. Tập 352	"30,971"	556	32		
	BÀ CON NGHÈO nở nụ cười hạnh phúc khi được MTQ vượt hàng trăm km đến tặng quà. Tập 351	"20,488"	400	24		
	"CỤ ÔNG sống như người vô gia cư trong rừng, vào chòi của người lạ ở khi nào đuổi thì đi. Tập 350"	"13,387"	316	26		
	Ở trong căn chòi trong rừng sâu 18 năm ngủ dưới đất rắn độc bao vây #thiennguyen #tiếnnguyễntv	"17,182"	120	0		
	“NGHÈO RỚT MỒNG TƠI” phải nằm ngủ dưới đất 18 năm RẮN ĐỘC bao vây nơi ở. Tập 349	"136,444"	792	73		
	"Cuộc sống ÉO LE của đôi vợ chồng trẻ tuổi, chồng đánh đổi bàn tay để có sữa cho con uống. Tập 348"	"27,201"	491	33		
	"Hoàn cảnh ĐÁNG THƯƠNG NHẤT NÚI RỪNG, mưa gió chỉ biết ôm con mà khóc #thiennguyen #tiếnnguyễntv"	"2,978"	72	1		
	"Phải sống KHỔ SỞ trong rừng sâu, mưa to gió lớn 3 mẹ con chỉ biết ôm nhau mà khóc. Tập 347"	"26,673"	501	22		
	Người vợ phải nuôi chồng BẠI LIỆT 5 NĂM sống sâu trong rừng #thiennguyen #tiếnnguyễntv #tuthien	"3,255"	37	1		
	Hơn 60 năm sống trong rừng không chồng không con ăn lá rừng để tồn tại #tiếnnguyễntv #thiennguyen	"8,690"	73	0		
	Bị đứt thắng xe giữa núi khi ddi tìm cụ ông nghèo trong căn chòi cũ nát #thiennguyen #tiếnnguyễntv	"1,251"	26	0		
	“KHÔNG AI KHỔ BẰNG” Người vợ nuôi chồng TÀN TẬT khổ đến mức không có cháo mà ăn. Tập 346	"8,433"	305	18		
	Cả đời nghèo khổ KHÔNG CHỒNG KHÔNG CON sống biệt lập trong rừng sâu. 345	"9,448"	331	24		
	Bị ĐỨT THẮNG XE ĐỨNG GIỮA DỐC NÚI trên đường đến thăm cụ ông nằm in dấu lưng trên đá. Tập 344	"5,039"	291	15		
	Sống trong CĂN CHÒI ĐỘC LẠ NHẤT MIỀN NÚI phải ra biển nhặt lưới về làm nhà. Tập 343	"8,095"	279	24		
	"NGƯỜI PHỤ NỮ HƠN 50 NĂM KHÔNG BIẾT TIỀN LÀ GÌ, nghèo khổ phải ăn cơm với nước lã. Tập 342"	"9,837"	354	13		
	“KHÔNG AI KHỔ BẰNG” 3 bà cháu sống trong căn chòi 2 vách không có gì để ăn. Tập 341	"6,758"	307	15		
	BẤT NGỜ với căn chòi của 3 mẹ con sống cạnh VỰC ĐÁ nghèo khổ đến mức phải nằm ngủ dưới đất. Tập 240	"8,612"	359	17		
	Cô gái trẻ nhận nuôi con cháu đông nhất miền núi sống trong rừng sâu #thiệnnguyện #tiếnnguyễntv	"3,454"	52	2		
	Cô gái nuôi 5 đứa trẻ ở trong rừng ĐỔ MỒ HÔI HỘT khi thấy người lạ tới giành đất. Tập 239	"15,283"	324	17		
	THIẾU NỮ tuổi trăng tròn ôm con vào rừng ăn lá đu đủ sống qua ngày #thiệnnguyện #tiếnnguyễntv	"2,549"	48	1		
	THIẾU NỮ nhỏ tuổi nhất miền núi ôm con thơ vào rừng sâu ăn lá ĐU ĐỦ để sống qua ngày. Tập 238	"12,883"	337	19		
	Ước mơ nhỏ nhoi của bé gái 11 tuổi ở trong rừng chỉ mong được đến trường #thiệnnguyện #tiếnnguyễntv	"1,765"	37	0		
	"Điều lo sợ nhất của bé gái 11 tuổi sống trên núi, sợ sẽ không còn cơ hội được đi đến trường. Tập 238"	"6,036"	232	8		
	TRẢI NGHIỆM lên suối nguồn ăn gà luộc và tắm suối cực vui sau những ngày vất vả. Tập 237	"1,938"	147	12		
	THỬ LÒNG người đồng bào đi lên đỉnh núi cao bán CÁ KHÔ với cái giá cực rẻ. Tập 236	"6,381"	269	13		
	"Xót xa trước cảnh cháu nhỏ mồ côi,ông bà phải ăn lá ĐU ĐỦ sống để tiết kiệm nuôi cháu ăn học.Tập 235"	"6,577"	320	17		
	"Sống trong căn chòi trong rừng sâu, cả gia đình CHĂN DÊ MƯỚN chỉ 2 nghìn đồng 1 con. Tập 234"	"5,564"	235	12		
	Lên đỉnh núi cao để TRUY TÌM căn chòi rách nát te tua của 3 bà cháu #thiệnnguyện #tiếnnguyễntv	"3,857"	70	0		
	“HÀNH TRÌNH CỰC KHỔ NHẤT” Lên đỉnh núi cao TRUY TÌM CĂN CHÒI RÁCH NÁT của 3 bà cháu. Tập 233	"10,207"	335	18		
	BĂNG RỪNG VƯỢT NÚI mang ƯỚC MƠ đến nơi nghèo khổ cho trẻ em miền núi #thiệnnguyện #tiếnnguyễntv	"1,325"	40	2		
	“BĂNG RỪNG VƯỢT NÚI“ để mang đến ƯỚC MƠ cho cậu bé nghèo sống trong rừng sâu. Tập 232	"7,294"	325	21		
	Cô gái trẻ sống trong CĂN CHÒI TE TUA mỗi đêm phải ngủ với gà #tiếnnguyễntv #thiệnnguyện #cuocsong	"14,306"	116	0		
	Sống trong CĂN CHÒI RÁCH NÁT trong rừng sâu người phụ nữ mỗi ngày phảI “ĂN THƠM THAY CƠM” Tập 231	"10,739"	353	18		
	Ăn ĐU ĐỦ XÀO XẢ ỚT món ăn đặc sản của người miền núi #tiếnnguyễntv #thiệnnguyện #kếtnốiyêuthương	"7,474"	74	0		
	Cụ ông 92 tuổi vui mừng khi mua 1 cái đèn với giá 10 nghìn đồng #tiếnnguyễntv #thiệnnguyện #giadinh	"31,971"	184	1		
	THỬ LÒNG cụ ông 92 tuổi và vô tình nghe được điều ước đau lòng vào cuối đời của cụ ông. Tập 230	"8,837"	327	23		
	"Cha mẹ khổ không có tiền để mua xe đạp, câu nói của cậu bé khiến ai cũng đau lòng #tiếnnguyễntv"	"1,196"	38	1		
	THỬ LÒNG người nghèo khi TIẾN bị lạc đường cần sự giúp đỡ và cái kết không thể bất ngờ hơn. Tập 229	"38,403"	551	32		
	Sống trên đỉnh núi cao trong CĂN CHÒI RÁCH NÁT không có tiền phải đào khoai rừng để ăn. Tập 228	"5,265"	305	18		
	NGƯỜI PHỤ NỮ KHỔ ĐẾN MỨC phải cho 2 đứa con nhỏ đi CHĂN BÒ để có tiền mua tôn dựng CĂN CHÒI ở. #227	"6,520"	239	19		
	3 mẹ con sống trong CĂN CHÒI BA VÁCH trên ngọn đồi nhỏ. Phải ăn rau rừng tránh đói qua ngày. Tập 226	"7,093"	335	22		
	CHUYẾN HÀNH TRÌNH VƯỢT HÀNG TRĂM CÂY SỐ ĐỂ VÀO SÀI GÒN CHỮA TRỊ CÁNH TAY CHO NGƯỜI ĐÀN ÔNG. Tập 225	"3,749"	291	19		
	Sống trong CĂN CHÒI RÁCH NÁT nghèo khổ đến mức phải tìm kiếm LÁ ĐU ĐỦ để sóng sót. Tập 224	"4,331"	232	18		
	Bốn mẹ con sống ẨN DANH trong căn chòi nhỏ trên đỉnh núi cao. mỗi ngày ăn rau rừng để sống. Tập 224	"7,012"	294	27		
	XÓT XA hình ảnh cụ bà sống cô độc 65 năm trong CĂN CHÒI HAI VÁCH trên đỉnh núi cao. Tập 223	"5,169"	284	36		
	BẤT NGỜ người phụ nữ lớn tuổi hơn 20 năm sống trên núi KHÔNG CHỒNG KHÔNG CON sinh sống qua ngày.#222	"3,268"	209	16		
	BẤT NGỜ khi nhìn thấy cảnh hai mẹ con sống 15 năm trong HANG ĐÁ phải ăn lá ĐỦ ĐỦ sống qua ngày. #221	"6,974"	272	20		
	SỐNG ẨN CƯ TRONG CĂN CHÒI RÁCH NÁT..Người phụ nữ chứng kiến RẮN HỔ MANG bò vào nhà ăn gà. Tập 220	"5,580"	284	21		
	"HOÀN CẢNH ĐÁNG THƯƠNG trong rừng sâu, 4 bà cháu nhặt mọi thứ từ BÃI RÁC về để ở. 219"	"5,267"	280	23		
	"4 Bà cháu ở trong CĂN CHÒI CŨ NÁT trên đỉnh núi cao, nghèo đến mức 4 người chỉ 2 gói mì tôm. 218"	"5,474"	256	20		
	XÓT XA trước hình ảnh của chàng thanh niên trẻ mắc phải CĂN BỆNH NẶNG chỉ còn DA BỌC XƯƠNG. Tập 217	"2,925"	164	30		
	Cuộc sống mưu sinh của NGƯỜI ĐÀN ÔNG TÀN TẬT trước cảnh khổ và bất lực khi mất đi 1 cánh tay.Tập 216	"4,776"	234	27		
	1 ngày 1 đêm trải nghiệm ngủ trong rừng nơi những người nghèo được sinh ra sẽ như thế nào. Tập 215	"5,808"	291	25		
	Người phụ nữ SỢ HÃI ĐỔ MỒ HÔI HỘT khi lần đầu tiên gặp người lạ và nhận được quà lớn. Tâp 214	"10,203"	313	25		
	"Cả gia đình lên đỉnh núi cao sống trong chuồng dê bỏ hoang, phải chia nhau 1 gói mì để ăn. Tập 213"	"11,504"	382	30		
	Vượt đèo lội suối lên đỉnh núi cao tìm cậu nhóc 15 tuổi không biết nói gặp người lạ sợ bỏ chạy./ 212	"8,207"	321	15		
	"Sống trong căn chòi hai vách, nơi TRÚ ẨN chưa ai biết sự nghèo khổ của người ĐỒNG BÀO CƠ HO. Tập 211"	"11,150"	315	11		
	Cuộc sống hiện tại của 4 mẹ con sống trong HANG ĐÁ GIỜ RA SAO? Vui mừng khi nhận được quà. Tập 210	"45,403"	873	37		
	Đi vào khu vực rừng núi ẩm thấp nhất để tiếp tế lương thực cho bà con nghèo không có gì để sống /209	"28,566"	377	25		
	"Sống trong HANG ĐÁ trên đỉnh núi cao, nỗi khổ kinh hoàng của người đồng bào RAGLAI. Tập 208"	"28,178"	586	41		
	NGƯỜI DÂN NGHÈO tập trung đông đúc vui như TẾT đê nhận được món quà cực kì ý nghĩa từ MTQ. Tập 206	"6,448"	240	34		
	"BỮA CƠM CHAN NƯỚC MẮT, người phụ nữ sống trong rừng sâu nhặt VE CHAI sống qua ngày. Tập 205"	"13,106"	340	23		
	Từ ngày vợ bị S.át hại đến nay 2 cha con của anh cường đã thực hiện được ƯỚC MƠ trong đời. tập 204	"61,984"	763	38		
	TIẾN NGUYỄN bất ngờ đưa hai cha con anh CƯỜNG đi ngay trong đêm vì điều này. Tập 203	"13,986"	449	42		
	BẤT NGỜ 3 mẹ con sợ hãi khi nhận được một số tiền lớn từ MẠNH THƯỜNG QUÂN ở mỹ gửi về. Tập 202	"21,022"	471	30		
	"KHÔNG CÓ AI KHỔ BẰNG, hai mẹ con không có CƠM ăn mưa gió phải núp trong HANG ĐÁ. Tập 201"	"12,941"	350	19		
	"Từ lúc người vợ quá cố qua đời, hai cha con ANH CƯỜNG chưa có được một bữa ăn ngon. Tập 200"	"10,632"	235	16		
	Hôm nay Tiến sửa nhầ cho anh Salon	0	0	0		
	Hành trình CỰC KHỔ nhất vận chuyển vật tư lên đỉnh núi cao dựng lên mái ấm tình thương Tập 199	"46,181"	889	53		
	GIẢI CỨU chú rùa đá bị giam giữ suốt 4 năm để cứu người được trả về với thiên nhiên. Tập 198	"14,898"	311	16		
	Chồng con KHÓC HẾT NƯỚC MẮT khi thấy kể lại sự việc nhân tình SÁT HẠI vợ mình. Tập 196	"368,987"	"2,620"	197		
	Bất ngờ 4 mẹ con sống trong HANG ĐÁ đổi đời liên tục và nhận được phần quà giá trị lớn. Tập 195	"74,274"	"1,111"	77		
	Đau xót khi nhìn thấy cảnh chú chó cực khổ nuôi bị người độc ác chặt mất đôi chân. Tập 194	"12,099"	315	41		
	PHÁT HIỆN người đàn ông ở trong căn chòi diện tích nhỏ bỏ quê hương đến nơi nghèo khổ lấy vợ.Tập 193	"17,423"	421	27		
	Bất ngờ đại gia đình ông mười vượt nửa vòng trái đất đến nơi nghèo khổ tặng nhà cho người nghèo. 192	"39,075"	767	49		
	"PHÁT HIỆN căn chòi trên đỉnh núi cao, hai mẹ con không dám nhận tiền vì sợ bị bắt #tiếnnguyễntv"	"1,224"	30	0		
	Hai mẹ con lần đầu tiên nhận được số tiền lớn trong đời không dám nhận vì sợ bị bắt. Tập 191	"29,934"	711	49		
	KHÓC NỨC NỞ vì chứng bệnh sợ mất đi rồi không ai chăm sóc 2 đứa #thiệnnguyện #tiếnnguyễntv	"1,495"	52	0		
	"NGHÈO RỚT MỒNG TƠI bị bệnh sợ mất bỏ lại con thơ,ăn lá rừng sống qua ngày vì không còn gạo. Tập 190"	"20,460"	357	25		
	BẤT NGỜ 3 mẹ con được MTQ vượt hơn nửa vòng trái đất để đến tận nơi trao tặng căn nhà mơ ước.Tập 189	"89,001"	"1,049"	51		
	"Bất ngờ 3 mẹ con nhận được căn nhà mơ ước,và câu nói nghe xé lòng của cô con gái #tiennguyentv"	649	25	0		
	Thực hiện ngôi nhà mơ ước cho 3 mẹ con và câu nói xé lòng của đứa con gái út. Tập 188	"103,133"	"1,296"	72		
	"Cuộc sống nghèo khổ trên đỉnh núi cao, người đàn ông ngủ chung với GÀ mỗi đêm. Tập 187"	"5,914"	188	19		
	"Không ai khổ bằng,cuộc sống nghèo đói của 3 mẹ con trên đỉnh núi cho con nghỉ học để kiếm ăn.Tập 186"	"20,697"	381	27		
	Cả dân làng vui mừng khi nhận được 1 món quà rất ý nghĩa trong cuộc đời này. Tập 185	"14,881"	418	29		
	"Mảnh đời hẫm hiu của 2 chị em, chồng mất trên núi phải bỏ lại sự cô độc cho 2 chị em. Tập 184"	"14,381"	288	15		
	Vợ chồng ông lão 22 năm sống trong hang đá vui mừng vì lần đầu tiên trong đời được ăn thịt. Tập 182	"38,274"	556	38		
	Thực hiện ước mơ của 4 mẹ con 20 năm sống trong hang đá đổi đời chỉ sau một đêm chợp mắt. Tập 181	"317,715"	"3,630"	220		
	Người phụ nữ 2 đời chồng ở trong căn chòi 2 vách. Nhặt ve chai cả đời cũng không có ăn. Tập 180	"36,161"	448	18		
	Vượt qua đỉnh núi CHÔNG GAI dây leo nhốt giữa rừng KHÔNG ĐƯỜNG LUI khi đi tiếp tế lương thực.Tập 179	"29,763"	423	34		
	MẠNH THƯỜNG QUÂN vượt hơn nửa vòng trái đất để chứng kiến HANG ĐÁ nơi sống của 4 mẹ con. Tập 178	"271,488"	"2,678"	215		
	Không còn ai khổ bằng. 4 mẹ con sống trong hang đá 19 năm ăn khoai mì để tồn tại #tiennguyentv	"1,424"	41	0		
	BẤT NGỜ 19 năm 4 mẹ con sống chung với RẮN ĐỘC trong HANG ĐÁ. Tập 177	"805,273"	"4,703"	305		
	"Cuộc sống CÔ ĐỘC trong rừng sâu. Bị MA QUỶ chọc phá quanh năm, nhớ chồng đến khóc nức nở. Tập 176"	"11,787"	256	21		
	Đôi vợ chồng sống trong rừng sâu không có gì ăn. Nhiều năm người vợ chỉ ăn CƠM với NƯỚC LÃ. Tập 175	"17,479"	297	14		
	HÀNH TRÌNH lên đỉnh núi cao TRUY TÌM căn chòi 2 vách của 2 mẹ con GẠO không có mà ăn. 174	"12,207"	310	23		
	3 mẹ con khổ đến nỗi không có gì ăn. Phải sử dụng nguồn nước đã qua nhiều lần sử dụng #tiennguyentv	"1,391"	disabled	1		
	Tá hoả khi nhìn thấy cảnh này.Sống trong rừng suốt 18 năm sử dụng nước ô nhiễm nhất thế giới.Tập 172	"5,866"	205	25		
	Gặp SỰ CỐ khi đến thăm người nghèo dưới thung lũng núi.Suýt rơi xuống núi khi đi chặt CHUỐI. Tập 171	"9,291"	225	18		
	VÙNG ĐẤT KHẮC NGHIỆT NHẤT. Người phụ nữ phải làm lụng VẤT VẢ để có tiền chữa trị BỆNH. Tập 170	"12,218"	278	23		
	3 đứa trẻ đáng thương bị gia đình xua đuổi không nơi nương tựa phải ngủ ngoài đường #tiennguyentv	"1,070"	34	4		
	NGƯỜI PHỤ NỮ BỆNH TIM nghèo khổ đến mức phải ăn lá rừng không tên tuổi vì không có gạo ăn. Tập 169	"10,890"	273	33		
	BẤT NGỜ KHI THẤY CẢNH người phụ nữ ngủ chung với GÀ ăn lá rừng khi thiếu GẠO. Tập 168	"8,934"	216	13		
	Chồng đột ngột qua đời 3 mẹ con đáng thương phải nương tựa nhau mà sống #tiennguyentv #thiệnnguyện	"1,470"	disabled	0		
	Chồng qua đời bỏ lại 3 mẹ con đơn côi lẻ bóng không nơi nương tựa. KHÓC CẠN NƯỚC MẮT. Tập 167	"40,814"	550	46		
	Vợ chồng ĐÔI ĐŨA LỆCH cả đời sống trong HANG ĐÁ. Ăn lá rừng quanh năm #tiennguyentv #thiệnnguyện	"1,924"	disabled	0		
	Vợ chồng cụ ông ĐÔI ĐŨA LỆCH cả đời sống trong HANG ĐÁ làm mọi việc để có GẠO mà ăn. Tập 166	"14,391"	236	19		
	CĂN CHÒI HAI VÁCH của hai mẹ con trong rừng.Mỗi ngày không có gì để ăn #tiennguyentv #thiệnnguyện	"2,165"	disabled	1		
	2 mẹ con ăn ngủ trong CĂN CHÒI HAI VÁCH nghèo khổ đến mức không còn gì để ăn. Tập 165	"33,495"	388	28		
	BẤT NGỜ PHÁT HIỆN hang đá nơi sinh sống hơn 10 năm của đôi vợ chồng trên đỉnh núi cao. Tập 164	"349,410"	"1,566"	138		
	Xót Xa khi người phụ nữ nghèo khổ nhiều BỆNH TẬT nhất vùng núi.không có tiền trị bệnh. Tập 163	"5,464"	186	18		
	BẤT NGỜ PHÁT HIỆN CĂN CHÒI RÁCH NÁT trên đỉnh núi khi đi tìm NGUỒN NƯỚC cho dân làng. Tập 162	"8,349"	256	21		
	MANG ÁNH SÁNG lên vùng núi cho người nghèo. CĂN CHÒI CHỐNG ĐỔ NHƯ VẠN LÝ TRƯỜNG THÀNH. Tập 161	"5,653"	194	19		
	BẤT NGỜ người đàn ông sống cả đời nhờ ăn lá ĐU ĐỦ sống trong CĂN CHÒI RÁCH NÁT. Tập 160	"10,533"	292	26		
	Mang ánh sáng lên vùng cao cho NGƯỜI RỪNG sống ẩn danh trên núi ăn tất cả các loại lá cây. Tập 159	"12,545"	318	35		
	CÙNG CHUNG SỐ PHẬN hai cô THIẾU NỮ nhận được những món quà to lớn đã mơ ước bấy lâu. Tập 158	"159,520"	"1,609"	80		
	NGƯỜI ĐÀN ÔNG KHỜ sống chung với ĐỘNG VẬT trên núi vui mừng khi nhận được ánh sáng. Tập 158	"6,983"	238	19		
	Nỗi khổ của người ĐỒNG BÀO RAGLAI khi tìm nguồn nước nơi KHÔ CĂN SỎI ĐÁ #tiennguyentv #thiệnnguyện	778	disabled	3		
	CĂN CHÒI TRÚ ẨN bên dưới thung lũng sâu. NGƯỜI PHỤ NỮ phải đùm bọc con mình và người dì mù. Tập 157	"9,064"	260	22		
	BẤT NGỜ VỢ CHỒNG NGƯỜI RỪNG Đổi đời có CĂN NHÀ MỚI sau 30 năm ngủ bờ ngủ bụi #tiennguyentv	"2,187"	disabled	1		
	VỢ CHỒNG NGƯỜI RỪNG nhận được MÓN QUÀ QUÝ GIÁ sau 30 năm ngủ bờ ngủ bụi trong rừng. Tập 157	"21,605"	560	71		
	Căn chòi trú ngụ bên dưới thung lũng của người đồng bào RAGLAI.Ăn bắp quanh năm vì thiếu gạo.Tập 156	"4,467"	187	29		
	"Vào rừng sâu để TRUY TÌM người phụ nữ ở nhà RÁCH NÁT sống chung với GÀ,TÁCH BIỆT với xã hội. Tập 153"	"7,744"	243	26		
	"Ở chòi CHUỒNG GÀ, Ăn lá ĐU ĐỦ, Uống nguồn nước BẨN để sinh tồn trong rừng của người nghèo. Tập 152"	"7,377"	258	18		
	"Không ai khổ bằng,cuộc sống nghèo đói của cụ bà sống cô đơn lẻ bóng trong rừng không có gì ăn.#151"	"5,783"	217	18		
	Cuộc sống nghèo khổ của 3 mẹ con.Phải vượt hàng trăm cây số mỗi ngày để kiếm tiền mua gạo ăn.Tập 150	"17,667"	362	25		
	Cực khổ nuôi con khi chồng bỏ rơi.Người phụ nữ bị xe tông khi đang đi làm kiếm tiền nuôi con.Tập 149	"14,326"	343	17		
	NGỠ NGÀNG khi nhìn thấy cụ ông NGƯỜI ẾCH nhặt phân bò để có tiền mua sữa cho cháu thơ. Tập 148	"8,093"	224	18		
	BẤT NGỜ..Thiếu nữ nhỏ tuổi nhất vùng núi lấy số tiền lớn đổi lấy căn nhà tình thương. Tập 147	"64,645"	850	41		
	Người đàn ông chặt đu đủ ăn quanh năm sống ẩn danh trên rừng núi #tiennguyentv #giupdonguoingheo	800	22	1		
	Bất ngờ NGƯỜI RỪNG dùng tay không đẩy ngã cây ĐU ĐỦ luộc ăn tại chổ. Tập 146	"6,200"	181	13		
	Bà con NGHÈO vùng núi kéo nhau đến nhận cơm tình thương sau một ngày làm việc Vui như tết. Tập 145	"7,742"	247	23		
	Cô bé thông minh nhất rừng núi.Phụ mẹ nhặt hạt điều để bán kiếm tiền mua sữa #tiennguyentv	"7,946"	disabled	5		
	Cuộc sống NGHÈO KHỔ bé gái nhỏ tuổi phụ mẹ nhặt hạt điều kiếm tiền mua sữa và có gạo để ăn. Tập 144	"13,361"	334	33		
	Đứa bé ĐÁNG THƯƠNG NHẤT VÙNG NÚI ăn lá ĐU ĐỦ Sống qua ngày khi bị cha bỏ rơi #tiennguyentv	"7,015"	119	2		
	Người chồng TỆ BẠC bỏ rơi ba mẹ con.Để con thơ phải chịu thiệt thòi ăn lá ĐU ĐỦ để sống qua ngày 143	"28,169"	383	30		
	THIẾU NỮ NHỎ TUỔI NHẤT RỪNG NÚI. Bật khóc NỨC NỞ trước cảnh nghèo. Tập 142 #tiennguyentv	"12,633"	disabled	0		
	THIẾU NỮ XINH ĐẸP oà khóc NỨC NỞ khi nhận được món quà từ trước đến giờ chưa từng nghĩ tới. Tập 142	"22,929"	366	27		
	TẬN CÙNG NỖI KHỔ. Ăn tất cả mọi thứ có trên rừng núi kể cả RẮN ĐỘC. Tập 141 #tiennguyentv	"4,651"	disabled	2		
	BẤT NGỜ gặp RẮN nằm trên bếp gia đình ăn tất cả mọi thứ có trên rừng núi kể cả RẮN ĐỘC. Tập 141	"11,450"	205	22		
	BẤT NGỜ chồng mất không rõ nguyên nhân.Người phụ nữ phải sống CÔ ĐƠN trong căn chòi rách nát.Tập 140	"31,221"	397	38		
	BẤT NGỜ chồng mất không rõ nguyên nhân.Người phụ nữ phải sống CÔ ĐƠN trong căn chòi rách nát	"2,334"	disabled	2		
	BẤT NGỜ trước cảnh hai vợ chồng ăn tất cả lá rừng để tồn tại trên vùng đất KHẮC NGHIỆT. Tập 139	"17,617"	108	4		
	BẤT NGỜ trước cảnh hai vợ chồng ăn tất cả lá rừng để tồn tại trên vùng đất KHẮC NGHIỆT. Tập 139	"237,360"	"1,846"	161		
	Suýt bị rơi xuống vực sâu khi leo núi đến thăm người nghèo. #tiennguyentv	"1,380"	31	1		
	BẤT NGỜ nghe tiếng động trong bụi cỏ khi đi hái rau rừng trên núi cao về ăn. Tập 138	"17,656"	290	20		
	HÃI HÙNG suýt bị rơi xuống vực sâu khi lên núi cao hỗ trợ lương thực cho người nghèo. Tập 137	"13,971"	303	30		
	BẤT NGỜ vì không có đủ GẠO để ăn. Người đàn ông phải ăn thêm quả rừng chát quéo lưỡi. Tập 136	"11,363"	277	21		
	Vào rừng TRUY TÌM căn chòi rách nát và BẤT NGỜ cuộc sống đói khổ của 3 mẹ con không có gì ăn.Tập 135	"20,821"	382	35		
	BẤT NGỜ..Hai mẹ con sống trong CĂN CHÒI RÁCH NÁT đổi đời chỉ sau một đêm. Tập 134	"376,902"	"2,423"	120		
	Xót xa.THIẾU NỮ tuổi đôi mươi bị RUỒNG BỎ khi đang mang thai.Phải về quê nhặt phân bò nuôi con. 133	"22,493"	359	26		
	Nhận được món quà vô cùng quý giá mà những người nghèo có mơ ước cũng không được. Tập 133	"4,134"	224	14		
	Đau lòng khi thấy người phụ nữ phải vất vả đi nhặt phân bò để nuôi đứa con tâm thần. 131	"9,707"	242	21		
	Lên lưng chừng núi để sinh sống. Hai vợ chồng mang bệnh phải ăn ĐU ĐỦ quanh năm thay CƠM. Tập 130	"3,990"	189	11		
	"Không ai khổ bằng..CĂN CHÒI cô đơn trên vùng núi, phải ăn ĐU ĐỦ thay cơm. Tập 129"	"8,473"	244	16		
	Sống trong căn chòi rách nát TẢ TƠI. Bốn mẹ con có gì ăn nấy. Ăn LÁ MÔN thay CƠM. Tập 128	"9,010"	245	33		
	Choáng người với hành trình đi vào đoạn đường đá nhiều nhất vùng để làm nhà cho người nghèo. Tập 128	"5,386"	198	17		
	Nghẹn lòng cụ bà khó khăn nhất miền núi. phải nuôi hai cháu nhỏ gạo không có mà ăn. Tập 127	"8,507"	230	20		
	CĂN CHÒI SỤP ĐỔ. Thua cái CHUỒNG GÀ phải ăn đu đủ và rau rừng sống qua ngày. Tập 126	"6,483"	205	20		
	TÁ HOẢ..Người đàn ông di cư và tìm đến men say vì lý do ĐAU LÒNG này. Tập 125	"3,777"	124	10		
	VƯỢT ĐÈO LỘI SUỐI..GIAN NAN KHÔNG CHÙN BƯỚC để dựng lên CĂN NHÀ TÌNH THƯƠNG cho người nghèo. Tập 124	"34,126"	510	35		
	NGỠ NGÀNG..Người phụ nữ sống cùng con thơ trong CĂN CHÒI THUA CÁI CHUỒNG GÀ trên núi cao. Tập 123	"18,552"	383	35		
	BẤT NGỜ..Cuộc sống gia đình có 7 người con ĐỘT NGỘT tốt lên khi người mẹ vừa bỏ đi. Tập 122	"75,931"	"1,064"	90		
	ĐÁNG THƯƠNG..Cụ bà sống trong CĂN CHÒI DỘT NÁT phải ăn bắp thay CƠM sống qua ngày. Tập 121	"3,317"	170	13		
	NGƯỜI CHỒNG VÔ LO..Để vợ con sống trong cảnh ĐÓI KHỔ phải ĂN NHỜ Ở ĐẬU. Tập 120	"7,792"	247	19		
	BẤT NGỜ..Người đàn ông rụt rè SỢ HÃI khi nhìn thấy NGƯỜI LẠ TIẾP CẬN vào CĂN CHÒI RÁCH NÁT. Tập 119	"11,745"	286	20		
	Sống trên TẢNG ĐÁ cùng 5 ĐỨA CHÁU NHỎ hơn 20 năm..TẬN CÙNG NỖI KHỔ. Tập 118	"10,491"	320	34		
	KHÓ KHĂN CHỒNG CHẤT..Vợ BỆNH NẶNG phải một mình chăm lo cho những đứa con. Tập 117	"4,979"	228	31		
	NGƯỜI PHỤ NỮ NGHÈO KHỔ VUI MỪNG..Khi nhận được những phần quà. Tập 116	"6,287"	241	24		
	HÀNH TRÌNH KHÓ KHĂN..Kéo ống nước lên SUỐI NGUỒN để mang NGUỒN NƯỚC về cho NGƯỜI NGHÈO. Tập 115	"10,752"	307	26		
	SỐNG TRONG CĂN CHÒI RÁCH NÁT TẢ TƠI..Phải cho CON THƠ ăn RAU RỪNG sống qua ngày. Tập 114	"3,519"	157	17		
	BẤT NGỜ..NGƯỜI ĐÀN ÔNG trở thành GÀ TRỐNG NUÔI CON vì VỢ BỎ ĐI không một LÝ DO. Tập 113	"7,847"	disabled	21		
	Sống trong BỤI RẬM..CON THƠ khóc vì ĐÓI không có GẠO ăn. Tập 112	"14,098"	329	21		
	CĂN CHÒI RÁCH NÁT..Và cuộc sống KHỔ CỰC của ÔNG CỤ BÀ nuôi hai ĐỨA CHÁU THƠ bị BỎ RƠI. Tập 111	"4,781"	188	19		
	CHUYẾN HÀNH TRÌNH NGHẸT THỞ. Vận chuyển vật tư vào RỪNG SÂU để dựng lên CĂN NHÀ TÌNH THƯƠNG. Tập 110	"12,962"	301	27		
	ĐƯA NGƯỜI ĐÀN ÔNG NGHÈO KHỔ. Vào sài gòn chữa trị CĂN BỆNH LAO PHỔI. Tập 109	"3,798"	197	31		
	NGƯỜI MẸ ĐAU LÒNG KHI NGHE CON NÓI. Bạn thấy con TẬT NGUYỀN nên không chơi với con. Tập 108	"2,033"	79	11		
	XÓT XA..CỤ BÀ SỐNG TRONG CĂN CHÒI RÁCH NÁT VỚI GÀ. Không có GẠO ăn phải ăn ĐU ĐỦ qua ngày. Tập 107	"2,707"	disabled	20		
	NGÔI LÀNG ĐÓI KHỔ TRONG VÙNG NÚI SÂU XA..VUI MỪNG khi được nhận quà TÌNH THƯƠNG. Tập 106	"5,149"	184	13		
	HÀNH TRÌNH KHÓ KHĂN..Giúp đỡ NGƯỜI ĐÀN ÔNG dựng lên NGÔI NHÀ MƠ ƯỚC. Tập 105	"32,778"	490	33		
	"CỤ BÀ SỐNG CÔ ĐỘC TRONG CĂN CHÒI 1 VÁCH..Gạo không có ăn, mưa không chổ ngủ. Tập 104"	"14,569"	301	10		
	SỐNG TRONG CĂN CHÒI KHÔNG KHÁC GÌ CHUỒNG BÒ..Bệnh đau không tiền mua thuốc ăn bắp thay cơm. Tập 103	"8,482"	229	21		
	SỐNG TRONG CĂN CHÒI RÁCH NÁT TẢ TƠI..CƠM ÁO GẠO TIỀN không có phải cho con ăn ĐU ĐỦ để sống. Tập 102	"17,513"	241	26		
	PHẦN 2: VÀO TẬN TRONG RỪNG SÂU..Để hiểu rõ và cảm nhận cuộc sống của NGƯỜI NGHÈO. Tập 101	"7,647"	235	23		
	PHẦN 1: CHUYẾN ĐI ĐẦU NĂM..Mang niềm vui và những điều BẤT NGỜ đến cho NGƯỜI NGHÈO. Tập 100	"4,016"	157	15		
	MÓN QUÀ BẤT NGỜ..TRAO TẶNG CHIẾC XE ĐẠP MƠ ƯỚC CHO CÔ BÉ CHĂN DÊ. Tập 99	"1,745"	105	8		
	HAI MẸ CON CỤ BÀ CỨ NGỠ LÀ GIẤC MƠ..Vì đã có được NGÔI NHÀ TÌNH THƯƠNG và cuộc sống ấm no. Tập 98	"55,452"	691	50		
	NGƯỜI ĐÀN ÔNG SỐNG CHUNG VỚI GÀ..MƠ ƯỚC chỉ có áo mặc và dép để mang đi LƯỢM PHÂN BÒ. Tập 97	"7,403"	220	23		
	CỤ ÔNG SỐNG TRONG CĂN CHÒI RÁCH NÁT..Kể lại chuyện KHÓ TIN nhất trong đời của ông. Tập 96	"3,221"	88	15		
	GIA ĐÌNH BẤT HẠNH..CHÀNG TRAI TRẺ TỰ TI sợ người đời chê cười vì mắc phải CĂN BỆNH LẠ. Tập 95	"3,857"	140	16		
	ĐI LẠC VÀO RỪNG SÂU..Đói không có gì ăn phải xin gia đình NGHÈO KHỔ CHUỐI NƯỚNG ĂN THAY CƠM. Tập 94	"6,745"	211	22		
	CUỘC SỐNG KHỐN KHỔ..TRONG RỪNG SÂU KHÔNG CÓ ÁNH SÁNG VÀ LƯƠNG THỰC ĐỂ ĂN. Tập 93	"2,651"	138	18		
	NỖI KHỔ CỦA NGƯỜI ĐỒNG BÀO..BA MẸ CON ăn chung một chén canh khi về ĐÊM. Tập 92	"8,143"	disabled	21		
	BÀ CON NGHÈO KHỔ VUI MỪNG..Khi nhận được quà từ MẠNH THƯỜNG QUÂN Ở MỸ về thăm. Tập 91	"4,572"	disabled	15		
	SỐNG TRONG CĂN CHÒI ĐỔ NÁT THUA CHUỒNG GÀ..Hai mẹ con CỤ BÀ phải ăn lá ĐU ĐỦ mỗi ngày để sống.Tập 90	"4,846"	169	17		
	MỘT GIA ĐÌNH CÓ ĐÔNG CON NHẤT VÙNG..Sống trong CĂN CHÒI RÁCH NÁT gạo không có để ăn. Tập 89	"4,526"	158	13		
	NGƯỜI ĐÀN ÔNG SỐNG TRONG CĂN CHÒI RÁCH NÁT VỚI ĐỘNG VẬT..ĂN CHÁO BẮP THAY CƠM. Tập 88	"75,348"	625	37		
	SỐNG ẨN CƯ TRONG CĂN CHÒI RÁCH NÁT..Không có TIỀN mua bánh phải bắt CHUỘT RỪNG cho con ăn.. Tập 87	"12,921"	320	26		
	ÔNG BẢY SỐNG TRONG NHÀ HOANG..Vui mừng khi con cháu đến thăm ông vào dịp TẾT. Tập 86	"36,486"	disabled	108		
	BA MẸ CON ĐI CHĂN DÊ..BẤT NGỜ NHẬN ĐƯỢC MÓN QUÀ LỚN..Và TẾT NÀY ĐƯỢC ẤM NO. Tập 85	"15,834"	341	23		
	CON THƠ KHÁT SỮA..NGƯỜI PHỤ NỮ phải lặn lội giữa trời nắng NHẶT PHÂN BÒ ĐỂ MUA SỮA CHO CON. Tập 84	"14,951"	387	26		
	CỤ BÀ phải ăn KHOAI LANG VÀ ĐỒ CÚNG NGOÀI NGHĨA TRANG để sống qua ngày..Vì không có GẠO. Tập 83	"3,802"	164	7		
	MẠNH THƯỜNG QUÂN VƯỢT HÀNG TRĂM CÂY SỐ..Để trao tặng 100 phần quà tết để bà con được ấm no. Tập 82	"3,103"	134	7		
	NGƯỜI ĐÀN ÔNG BỊ XE TÔNG CHẤN THƯƠNG..Sống CÔ ĐỘC một mình trong CĂN CHÒI HIU QUẠNH. Tập 81	"1,782"	disabled	5		
	ƯỚC MƠ CỦA NGƯỜI PHỤ NỮ..chỉ mong sao có CƠM ĂN ngày ba bữa là hạnh phúc không cần gì nữa. Tập 80	"5,958"	disabled	9		
	"NGƯỜI ĂN KHÔNG HẾT,KẺ LẦN CHẲNG RA..CẬU BÉ đáng yêu phụ giúp mẹ lụm phân bò để có GẠO ăn. Tập 79"	"3,348"	138	7		
	THỬ LÒNG CỤ BÀ VUI TÍNH..đến xin ăn và nước uống và phản ứng bất ngờ của CỤ BÀ. Tập 78	"2,152"	105	11		
	Ba bà cháu LANG THANG ĐI XIN ĂN..để có tiền cho cháu của mình đi học và ăn cơm. Tập 77	"3,585"	147	10		
	TẬN CÙNG NỖI KHỔ..CỤ BÀ SỐNG CÔ ĐỘC mỗi ngày ăn khoai mì vì sợ hết GẠO. Tập 67	"4,427"	160	13		
	KẺ LẠ MẶT tiếp cận CĂN CHÒI NHƯ CHUỒNG GÀ..Và mang điều BẤT NGỜ ĐẾN CHO CHỊ GÁI. Tập 76	"5,381"	143	17		
	TỰ LỰC CÁNH SINH..ÔNG CỤ BÀ hàng ngày phải đi nhặt PHÂN BÒ để có GẠO ăn. Tập 75	"2,404"	123	9		
	Gia đình đông con nhất vùng..SỐNG TRONG CĂN CHÒI RÁCH NÁT phải nằm dưới ĐẤT ngủ vì chật chổ. Tập 74	"22,754"	273	22		
	Sống trong CĂN CHÒI RÁCH NÁT..Ban đêm không dám ở vì sợ trộm đột nhập. Tập 73	"6,953"	146	12		
	CỤ BÀ LỦI THỦI một mình..sống trong cánh rừng có gì ăn đó sống qua ngày. Tập 72	"3,138"	123	9		
	Bị CON RUỘT ĐUỔI RA KHỎI NHÀ. CỤ BÀ khóc cạn nước mắt vì không sống nổi nữa. Tập 71	"4,196"	143	18		
	TẬN CÙNG NỖI KHỔ..vì sợ hết gạo nên cả gia đình phải ăn BÔNG ĐU ĐỦ đắng hơn thuốc. Tập 70	"3,379"	111	6		
	CỤ BÀ CƯỜI TÍT MẮT. Khi nhận những món quà TÌNH THƯƠNG vào những ngày cận kề TẾT. Tập 69	"2,668"	disabled	9		
	GIA ĐÌNH KÌ LẠ CỦA CỤ ÔNG..Ăn uống sinh hoạt chung nhưng lại tách biệt sống riêng. Tập 68	"4,727"	111	10		
	CỤ BÀ KHỔ TÂM KỂ LẠI..giữa mùa đông phải dắt hai đứa cháu nhỏ đi tìm đứa cháu lớn. Tập 67	602	45	4		
	CỤ ÔNG LANG THANG..bị MẤT MỘT TAY và MỘT CHÂN không cần sự giúp đỡ từ ai. Tập 66	"10,459"	91	4		
	TẬN CÙNG CỦA NỖI ĐAU..NGƯỜI PHỤ NỮ khóc thành sông thành biển vì CĂN BỆNH của con mình. Tập 65	"2,771"	79	13		
	CỤ ÔNG SỐNG TRONG CĂN CHÒI VEN ĐƯỜNG. BỆNH ĐAU không ai chăm không có gì ăn. Tập 64	"4,373"	disabled	10		
	Hai Mẹ Con CỤ BÀ sống ẨN CƯ trong rừng..cuộc sống NGHÈO KHỔ của người MIỀN NÚI. Tập 63	"6,077"	148	11		
	Vì người nghèo..GIAN NAN KHÔNG CHÙN BƯỚC. CỤ BÀ BẬT KHÓC vì nhận được quà lớn. Tập 62	"1,740"	125	41		
	NGƯỜI PHỤ NỮ MẮC PHẢI BỆNH LẠ..ăn lá đu đủ quanh năm không có gạo mà ăn. Tập 61	"8,340"	159	23		
	TAY BẾ TAY BỒNG..Ba mẹ con ngồi giữa trưa nắng chăn dê để có tiền mua thuốc cho chồng uống. Tập 60	"21,242"	336	20		
	TẬN CÙNG NỖI KHỔ…không có gì mà ăn cậu bé đành phải ăn cơm trắng uống nước lã. Tập 59	"1,612"	95	4		
	BẤT NGỜ CỤ BÀ CÓ THÂN HÌNH NHỎ BÉ..VÁC BAO CỦI TO HƠN THÂN MÌNH. Tập 58	"2,247"	102	8		
	Sống trong CĂN CHÒI còn thua CHUỒNG GÀ..Người phụ nữ bị chồng BẠO HÀNH khổ TỘT CÙNG. Tập 57	"118,644"	794	48		
	MẸ GIÀ UẤT ỨC..khi kể lại về người con của mình lúc còn sống.Vất vả không có GẠO mà ăn. Tập 56	"1,321"	77	9		
	NỖI SỢ HÃI TRONG CĂN NHÀ LẠNH LẼO..phải chăm sóc hai người con BỆNH TẬT. Tập 55	919	66	4		
	TẬN CÙNG NỖI KHỔ.. Người phụ nữ sống CÔ ĐỘC một mình ăn MÌ TÔM sống qua ngày. Tập 54	"1,076"	80	13		
	BẤT NGỜ CỤ ÔNG NHẶT VE CHAI BỊ CỤT MỘT CHÂN ĐẠP XE ĐẠP TRONG TRỜI GIÓ LỚN ĐỂ KIẾM SỐNG. Tập 53	933	70	4		
	Mảnh đời HẪM HIU của hai CỤ BÀ bị TẬT..hai chị em phải nương tựa nhau mà sống. Tập 52	415	51	8		
	CỤ BÀ sống CÔ ĐƠN trên núi..không ai nuôi dưỡng phải cặm cuội CHĂN BÒ hái đậu để có gạo ăn. Tập 51	"1,658"	117	19		
	CỤ BÀ thà NHỊN ĐÓI..không dám bán heo để mua gạo ăn.Nhưng cuối cùng lại bị KẺ XẤU lừa sạch. Tập 50	"1,320"	71	10		
	NGƯỜI ĐÀN ÔNG cặm cuội gọt những mảng tre SẮT BÉN để làm gùi bán..kiếm tiền mua gạo ăn. Tập 49	"1,259"	68	15		
	CỤ BÀ có nụ cười GIÒN TAN..sống CÔ ĐỘC CỰC KHỔ trên núi..và kể về câu chuyện khi gặp CỌP DỮ. Tập 48	"1,257"	72	5		
	Lời kể RỢN NGƯỜI khi về đêm..của CỤ BÀ sống CÔ ĐỘC dưới chân núi. Tập 47	"1,489"	75	7		
	TẬN CÙNG NỖI KHỔ..vợ chồng CỤ ÔNG sống trong CĂN CHÒI RÁCH NÁT..gạo không có mà ăn. Tập 46	"2,604"	100	5		
	CHÀNG TRAI..cặm cuội nhặt ve chai để kiếm tiền nuôi sống bản thân và mẹ của mình.Tập 45	"1,531"	72	9		
	TẬN CÙNG CỦA NỖI KHỔ..sống trong căn nhà RÁCH NÁT phải ăn cơm trắng nhường đồ ăn cho con mình.Tập 44	"1,520"	87	11		
	XÓT XA..CỤ BÀ sống trong CĂN NHÀ hai vách dù bệnh đau vẫn cố gắng hốt phân bò để có gạo mà ăn.Tập 43	"1,468"	80	7		
	CỤ BÀ sống cô độc trên núi..chồng mất bà phải đi chăn bò để có gạo ăn Tập 42	836	81	10		
	Người PHỤ NỮ mất chồng..không dám ở nhà sợ người xấu và những điều KÌ LẠ khi về đêm. Tập 41	"1,620"	71	8		
	TẬN CÙNG CỦA NỖI KHỔ..CON BỆNH KHÔNG CÓ TIỀN MUA THUỐC.ĂN MĂNG RỪNG SỐNG QUA NGÀY. Tập 40	"1,199"	61	8		
	BẤT NGỜ..Lạc vào ngôi làng NGHÈO KHỔ chỉ có phụ nữ và trẻ con không có một người ĐÀN ÔNG nào. TẬP 39	"2,186"	84	9		
	BẤT NGỜ..CỤ BÀ hoảng sợ bật khóc liền bỏ chạy giữa trời mưa khi có người đến hỏi thăm. Tập 38	"2,941"	91	7		
	HÀNH TRÌNH..HỖ TRỢ dựng lên ngôi nhà MƠ ƯỚC cho CỤ BÀ gầy gò đáng thương. Tập 37	"3,006"	155	3		
	TẬN CÙNG CỦA NỖI KHỔ..hai CỤ BÀ phải sống NƯƠNG TỰA vào nhau không có cái mà ăn. Tập 36	"1,235"	92	11		
	Sống trong NGÔI NHÀ bằng đất..MƯA BÃO không biết sụp đổ lúc nào không hay. Tập 35	"1,096"	81	10		
	CỤ ÔNG lượm phân bò cố gắng nhảy để mừng người quen đến thăm..dù bản thân đã dần tiều tụy. Tập 34	"1,131"	78	8		
	RỢN NGƯỜI..với lời kể của CỤ ÔNG mắc CĂN BỆNH tâm thần chạy vào rừng sâu trong đêm. Tập 33	"1,188"	70	9		
	Dù cuộc sống đã tốt hơn trước...nhưng người ĐÀN ÔNG không thể giấu được NỖI BUỒN. Tập 32	"2,677"	154	11		
	Hai bé cún được nhặt ở BÃI RÁC đã khôn lớn và mạnh khoẻ bên chủ mới. Tập 31	275	36	2		
	ƯỚC MƠ của người ĐÀN ÔNG nay đã được thực hiện...một MÁI ẤM TÌNH THƯƠNG che NẮNG MƯA. TẬP 30	"6,865"	316	49		
	Người em VẤT VẢ lo từng miếng ăn cho chị mình..sợ chị đi lạc sẽ không gặp lại được nữa. Tập 29	"1,360"	84	10		
	Lời kể RỢN NGƯỜI của CỤ BÀ khi đi lạc trong rừng sâu..Vùng đất có vô số điều bí ẩn. Tập 28	"2,308"	61	4		
	XÓT XA..cô bé nhỏ đi bằng BỐN CHÂN trong suốt nhiều năm vẫn TÍCH CỰC và vui vẻ trong cuộc sống Tập27	"1,424"	74	disabled		
	BẤT NGỜ..BÀ CỤ đi hàng chục cây số mỗi ngày để mang lương thực về cho người con bị bệnh. Tập 26	647	56	10		
	Người ĐÀN ÔNG bị vợ con bỏ mặt..sống CÔ ĐỘC trên núi cùng với động vật.Tập 25	"2,050"	64	2		
	CỤ ÔNG sống trong căn chòi đầy MÙI HÔI đã bị lẫn..và mùa đông lạnh giá đang dần đến với ông. Tập 24	473	28	3		
	BẤT NGỜ..CỤ BÀ chăn bò đứng BẤT ĐỘNG và muốn bỏ bò tháo chạy khi gặp NGƯỜI LẠ. Tập 23	"1,584"	76	10		
	CHÀNG TRAI bị tật hy sinh nhường nơi ấm áp cho em gái ngủ..còn mình phải nằm ở nơi lạnh lẽo. Tập 22	749	52	3		
	KÌ LẠ...người đàn ông sống cô độc trong căn chòi RÁCH NÁT TE TUA. Tập 21	"1,626"	51	7		
	Chàng trai tật bẩm sinh có NGHỊ LỰC sống..ước có phép màu để mẹ được sống lại về bên cạnh mình tập21	383	36	4		
	Đứa trẻ ĐÁNG THƯƠNG...DỊ TẬT vì không được như bao ĐỨA TRẺ khác. Tập 20	"1,246"	49	5		
	CƯU MANG 2 bé cún con ĐÁNG THƯƠNG bị lạc ở BÃI RÁC. Tập 19	445	43	7		
	Đến thăm lại CỤ ÔNG nằm BẤT ĐỘNG sống trong căn nhà đầy MÙI HÔI. Tập18	"1,868"	53	4		
	HÀNH TRÌNH...Đi tìm lại đôi chân để cậu bé thực hiện ƯỚC MƠ của mình. Tập 17	485	37	5		
	Người mẹ lập tức về nhà..khi nghe được câu nói này của con mình. Tập16	"1,434"	45	8		
	CỤ ÔNG lượm phân bò VUI MỪNG nhảy vũ điệu CHÂN SÁO khi nhận được món quà này…Tập 15	"3,241"	53	6		
	Không ngại mưa gió..mang món quà nhỏ bé lên ngọn đồi gặp NGƯỜI PHỤ NỮ sống CÔ ĐỘC một mình. Tập 14	"1,477"	64	4		
	ÔNG CỤ BÀ còn hai mươi nghìn đồng..vẫn sẵn sàng GIÚP ĐỠ và cho cơm ăn. Tập 13	"2,839"	71	3		
	ÔNG CỤ BÀ vui vẻ..vẫn tạo NIỀM VUI cho nhau khi về già.Và chiếc xe đạp lúc mới yêu. Tập 12	"7,297"	86	4		
	CỤ ÔNG nằm BẤT ĐỘNG...trong căn nhà đầy MÙI HÔI và xem chú chó là NGƯỜI VỢ của mình. Tập 11	"8,396"	108	14		
	Mang niềm vui nhỏ bé đến cho ÔNG CỤ vác củi..Và điều BẤT NGỜ là ông rất đông CON CHÁU. Tập 10	"2,784"	63	1		
	Những ĐỨA TRẺ ngây thơ..và căn nhà MƠ ƯỚC. Tập 09	"4,969"	101	5		
	HÀNH TRÌNH...hỗ trợ và thi công ngồi nhà tình thương cho CỤ BÀ sống trong ngôi nhà như CHUỒNG GÀ /08	"3,365"	86	7		
	HỖ TRỢ...và thi công dựng lên căn nhà tình thương cho vợ chồng CỤ BÀ sống trên núi. Tập 07	"4,757"	147	5		
	CẢM ĐỘNG..cậu bé 11 tuổi có MONG ƯỚC là được ăn cá thịt và có một BỮA CƠM cùng với gia đình. Tập 06	890	29	0		
	Tin được không...Hai ÔNG BÀ CỤ sống trong căn nhà RÁCH NÁT TÃ TƠI. Tận cùng của nỗi khổ. Tập 05	"3,073"	35	8		
	Lời kể của cô THIẾU NỮ 20 tuổi..khi một CĂN BỆNH lạ đã cướp đi đứa con đầu lòng của cô ra đi mãi mãi	"1,712"	32	3		
	NỖI KHỔ hiện trên mặt và những giọt NƯỚC MẮT..khi nhắc đến căn bệnh BẨM SINH của bà và đứa cháu thơ.	695	25	2		
	Lần HỨA HẸN đối đáp giữa thơ và nhạc..cùng CỤ ÔNG sống trong căn nhà hoang. Tập 02	"6,222"	91	7		
	CỤ ÔNG với thân hình GẦY GÒ nhỏ bé..Và bó củi nặng trên vai. Tập 01					